,size_x,size_y,boolean_x,float_x,integer_x,string_x,boolean_y,float_y,integer_y,string_y,outputscore
0,10.0,15,0,0,1,0,0,0,0,1,0.03770452365279198
1,500000.0,15,0,0,1,0,0,0,0,1,0.00018975668353959918
2,30.0,2,0,0,0,1,1,0,0,0,0.0011117540998384356
3,30.0,600,0,0,0,1,0,0,0,1,0.001543905003927648
4,60.0,5,0,0,0,1,0,0,1,0,1.6214692095672945e-06
5,2.0,1,1,0,0,0,0,0,1,0,0.00010473734437255189
6,60.0,30,0,0,0,1,0,0,0,1,0.0006534237181767821
7,2.0,15,1,0,0,0,0,0,0,1,0.00048187727225013077
8,30.0,2,0,0,0,1,1,0,0,0,0.0012249342398718
9,40.0,15,0,0,0,1,0,0,0,1,0.001329308026470244
10,0.3,140,0,1,0,0,0,1,0,0,0.9773779511451721
11,5.0,2,0,0,1,0,1,0,0,0,0.010464325547218323
12,500000.0,20,0,0,1,0,0,0,0,1,0.0032730584498494864
13,50.0,35,0,0,0,1,0,0,0,1,0.010914433747529984
14,0.11,5,0,1,0,0,0,0,0,1,0.0003655861655715853
15,2.0,1,1,0,0,0,0,0,1,0,0.00010788771032821387
16,20.0,15,0,0,0,1,0,0,0,1,0.0037814818788319826
17,30.0,20,0,0,0,1,0,0,0,1,0.001298159477300942
18,2.0,50,1,0,0,0,0,0,0,1,0.0034189894795417786
19,2.0,60,1,0,0,0,0,0,0,1,0.0003219186619389802
20,2.0,3,1,0,0,0,0,0,0,1,0.00014445203123614192
21,10.0,35,0,0,0,1,0,0,0,1,0.002042333362624049
22,2.0,310,1,0,0,0,0,1,0,0,0.005355233326554298
23,0.11,600,0,1,0,0,0,0,0,1,0.02100689522922039
24,2.0,4500,1,0,0,0,0,0,1,0,0.015003503300249577
25,300.0,4500,0,0,0,1,0,0,1,0,0.05628540739417076
26,2.0,310,1,0,0,0,0,1,0,0,0.01211448386311531
27,5.0,5,0,0,1,0,0,0,1,0,0.0012191231362521648
28,2.0,2,1,0,0,0,0,0,0,1,0.008440541103482246
29,40.0,50,0,0,0,1,0,0,0,1,0.009678165428340435
30,2.0,2,1,0,0,0,1,0,0,0,0.02240751124918461
31,15.0,30,0,0,0,1,0,0,0,1,0.032226238399744034
32,50.0,2,0,0,0,1,1,0,0,0,0.004378859419375658
33,5.0,1,0,0,1,0,0,0,1,0,0.0005737036117352545
34,30.0,2,0,0,0,1,0,0,0,1,0.001078612869605422
35,5.0,15,0,0,1,0,0,0,0,1,0.00039126709452830255
36,10.0,100,0,0,1,0,0,0,1,0,1.6696230886736885e-05
37,10.0,5,0,0,0,1,0,0,1,0,1.433962370356312e-05
38,300.0,4200000,0,0,0,1,0,0,1,0,0.38748547434806824
39,2.0,30,1,0,0,0,0,0,0,1,0.028198562562465668
40,11.0,60,0,0,0,1,0,0,0,1,0.0053174737840890884
41,2.0,30,1,0,0,0,0,0,0,1,0.00033532455563545227
42,10.0,50,0,0,0,1,0,0,0,1,0.00028129882412031293
43,0.3,4200000,0,1,0,0,0,0,1,0,0.041193053126335144
44,2.0,30,1,0,0,0,0,0,0,1,0.03154171258211136
45,2.0,100,1,0,0,0,0,0,1,0,8.819494541967288e-05
46,300.0,5,0,0,0,1,0,0,0,1,0.001057637156918645
47,500000.0,60,0,0,1,0,0,0,0,1,0.40863752365112305
48,0.3,100,0,1,0,0,0,0,1,0,3.9927148463902995e-05
49,0.11,5,0,1,0,0,0,0,1,0,0.0011001627426594496
50,50.0,5,0,0,0,1,0,0,0,1,0.4097367525100708
51,15.0,140,0,0,0,1,0,1,0,0,0.00716714421287179
52,2.0,5,1,0,0,0,0,0,0,1,0.002336929552257061
53,2.0,15,1,0,0,0,0,0,0,1,3.835066672763787e-05
54,0.3,310,0,1,0,0,0,1,0,0,0.9774126410484314
55,10.0,2,0,0,1,0,1,0,0,0,0.02390400506556034
56,11.0,11,0,0,0,1,0,0,0,1,0.8870658278465271
57,5.0,310,0,0,1,0,0,1,0,0,0.006890139542520046
58,0.3,2,0,1,0,0,1,0,0,0,0.027281315997242928
59,2.0,3,1,0,0,0,0,0,0,1,4.679645371652441e-06
60,0.11,5,0,1,0,0,0,0,0,1,0.000337880541337654
61,5.0,3,0,0,1,0,0,0,0,1,4.002107380074449e-05
62,0.11,100,0,1,0,0,0,0,1,0,2.073017822112888e-05
63,0.3,15,0,1,0,0,0,0,0,1,0.01421620324254036
64,60.0,100,0,0,0,1,0,0,1,0,0.006800973787903786
65,500000.0,5,0,0,1,0,0,0,1,0,0.006612566765397787
66,20.0,1,0,0,0,1,0,0,1,0,0.00023987065651454031
67,70.0,5,0,0,0,1,0,0,1,0,0.0037365471944212914
68,10.0,4200000,0,0,0,1,0,0,1,0,0.0028323843143880367
69,11.0,3,0,0,0,1,0,0,0,1,0.0017251011449843645
70,10.0,4200000,0,0,1,0,0,0,1,0,0.04853205755352974
71,2.0,1,1,0,0,0,0,0,1,0,0.00010321081208530813
72,10.0,310,0,0,1,0,0,1,0,0,0.025104910135269165
73,300.0,3,0,0,0,1,0,0,0,1,0.0008257215959019959
74,10.0,15,0,0,0,1,0,0,0,1,0.07329076528549194
75,2.0,1,1,0,0,0,0,0,1,0,0.0005186798516660929
76,2.0,15,1,0,0,0,0,0,0,1,0.005710630211979151
77,0.11,140,0,1,0,0,0,1,0,0,0.33889687061309814
78,2.0,15,1,0,0,0,0,0,0,1,0.0004093703755643219
79,500000.0,1,0,0,1,0,0,0,1,0,0.004902761895209551
80,2.0,310,1,0,0,0,0,1,0,0,0.007394715212285519
81,60.0,1,0,0,0,1,0,0,1,0,2.4082648906187387e-06
82,5.0,100,0,0,1,0,0,0,1,0,5.444038470159285e-05
83,2.0,140,1,0,0,0,0,1,0,0,0.007815644145011902
84,300.0,3,0,0,0,1,0,0,1,0,0.00872818473726511
85,2.0,15,1,0,0,0,0,0,0,1,0.00011438472574809566
86,20.0,15,0,0,0,1,0,0,0,1,0.0001733997487463057
87,5.0,4500,0,0,1,0,0,0,1,0,0.005154612939804792
88,2.0,20,1,0,0,0,0,0,0,1,0.009161485359072685
89,50.0,50,0,0,0,1,0,0,0,1,0.17651410400867462
90,40.0,5,0,0,0,1,0,0,0,1,0.001820793142542243
91,300.0,60,0,0,0,1,0,0,0,1,0.0003618781338445842
92,2.0,60,1,0,0,0,0,0,0,1,0.0018869630293920636
93,0.3,50,0,1,0,0,0,0,0,1,0.0025511623825877905
94,60.0,60,0,0,0,1,0,0,0,1,0.0004966557025909424
95,2.0,5,1,0,0,0,0,0,1,0,0.0008948969189077616
96,40.0,1,0,0,0,1,0,0,1,0,0.001150487340055406
97,50.0,3,0,0,0,1,0,0,1,0,0.027483036741614342
98,2.0,4500,1,0,0,0,0,0,1,0,0.015649715438485146
99,10.0,4500,0,0,1,0,0,0,1,0,0.0518723763525486
100,0.3,15,0,1,0,0,0,0,0,1,0.00011586983600864187
101,0.11,2,0,1,0,0,1,0,0,0,0.0004317358252592385
102,15.0,15,0,0,0,1,0,0,0,1,0.9467315673828125
103,15.0,5,0,0,0,1,0,0,1,0,0.0009172867867164314
104,300.0,1,0,0,0,1,0,0,1,0,0.0006949979579076171
105,10.0,15,0,0,0,1,0,0,0,1,0.08025415241718292
106,0.3,2,0,1,0,0,0,0,0,1,0.0014197160489857197
107,2.0,15,1,0,0,0,0,0,0,1,0.0032524990383535624
108,10.0,310,0,0,1,0,0,1,0,0,0.02454003132879734
109,15.0,4200000,0,0,0,1,0,0,1,0,0.007986506447196007
110,2.0,30,1,0,0,0,0,0,0,1,0.00012734043411910534
111,2.0,15,1,0,0,0,0,0,0,1,0.00031847014906816185
112,10.0,600,0,0,0,1,0,0,0,1,0.002028003567829728
113,0.11,5,0,1,0,0,0,0,1,0,0.0010713632218539715
114,500000.0,310,0,0,1,0,0,1,0,0,0.02061338722705841
115,0.3,1,0,1,0,0,0,0,1,0,0.002070210175588727
116,10.0,70,0,0,1,0,0,0,0,1,0.001640243805013597
117,500000.0,15,0,0,1,0,0,0,0,1,0.00026775558944791555
118,5.0,100,0,0,1,0,0,0,1,0,5.533837611437775e-05
119,500000.0,100,0,0,1,0,0,0,1,0,2.202119503635913e-05
120,2.0,60,1,0,0,0,0,0,0,1,0.00031776376999914646
121,50.0,11,0,0,0,1,0,0,0,1,0.09624674916267395
122,30.0,1,0,0,0,1,0,0,1,0,2.004265752475476e-06
123,5.0,5,0,0,1,0,0,0,1,0,0.00166094780433923
124,10.0,35,0,0,1,0,0,0,0,1,0.007721946109086275
125,10.0,5,0,0,1,0,0,0,0,1,0.003950259182602167
126,30.0,3,0,0,0,1,0,0,0,1,0.24179790914058685
127,300.0,310,0,0,0,1,0,1,0,0,0.00872714538127184
128,2.0,15,1,0,0,0,0,0,0,1,0.0003988977405242622
129,0.11,310,0,1,0,0,0,1,0,0,0.3500617444515228
130,11.0,310,0,0,0,1,0,1,0,0,0.0064920298755168915
131,300.0,1,0,0,0,1,0,0,1,0,0.0007197524537332356
132,10.0,2,0,0,0,1,1,0,0,0,1.6114172467496246e-05
133,300.0,140,0,0,0,1,0,1,0,0,0.009446172043681145
134,60.0,140,0,0,0,1,0,1,0,0,0.0002593762765172869
135,20.0,35,0,0,0,1,0,0,0,1,0.0045785862021148205
136,50.0,70,0,0,0,1,0,0,0,1,0.932212233543396
137,10.0,15,0,0,1,0,0,0,0,1,0.015637805685400963
138,30.0,5,0,0,0,1,0,0,0,1,0.001570108812302351
139,2.0,310,1,0,0,0,0,1,0,0,0.0015550755197182298
140,10.0,15,0,0,1,0,0,0,0,1,0.02619057334959507
141,15.0,1,0,0,0,1,0,0,1,0,0.0008207731880247593
142,2.0,1,1,0,0,0,0,0,1,0,0.00010617149382596835
143,15.0,3,0,0,0,1,0,0,0,1,0.002523680916056037
144,60.0,100,0,0,0,1,0,0,1,0,0.00731872720643878
145,70.0,50,0,0,0,1,0,0,0,1,0.05079534649848938
146,2.0,5,1,0,0,0,0,0,1,0,0.0015006477478891611
147,70.0,60,0,0,0,1,0,0,0,1,0.92079758644104
148,0.11,1,0,1,0,0,0,0,1,0,0.0009464618633501232
149,0.3,11,0,1,0,0,0,0,0,1,0.01044206041842699
150,10.0,15,0,0,0,1,0,0,0,1,0.0020836321637034416
151,10.0,50,0,0,1,0,0,0,0,1,0.011506414040923119
152,10.0,5,0,0,1,0,0,0,1,0,0.9983177185058594
153,0.11,11,0,1,0,0,0,0,0,1,0.0053922259248793125
154,20.0,3,0,0,0,1,0,0,1,0,0.17200630903244019
155,2.0,4500,1,0,0,0,0,0,1,0,0.02633335441350937
156,70.0,5,0,0,0,1,0,0,1,0,0.005937251728028059
157,10.0,15,0,0,0,1,0,0,0,1,0.001621035858988762
158,2.0,5,1,0,0,0,0,0,0,1,0.0014839019859209657
159,10.0,5,0,0,1,0,0,0,0,1,0.0018605819204822183
160,2.0,50,1,0,0,0,0,0,0,1,0.0010807713260874152
161,2.0,60,1,0,0,0,0,0,0,1,0.005489539820700884
162,0.3,4500,0,1,0,0,0,0,1,0,0.45080357789993286
163,10.0,600,0,0,1,0,0,0,0,1,0.010648672468960285
164,300.0,3,0,0,0,1,0,0,1,0,0.00820163730531931
165,2.0,1,1,0,0,0,0,0,1,0,0.0001055494649335742
166,0.11,15,0,1,0,0,0,0,0,1,0.0023387623950839043
167,30.0,100,0,0,0,1,0,0,1,0,0.06180425360798836
168,2.0,15,1,0,0,0,0,0,0,1,0.0006502157775685191
169,2.0,600,1,0,0,0,0,0,0,1,0.0036175993736833334
170,2.0,100,1,0,0,0,0,0,1,0,0.0001339436712441966
171,20.0,30,0,0,0,1,0,0,0,1,0.0001391677651554346
172,70.0,1,0,0,0,1,0,0,1,0,0.007491305470466614
173,20.0,4500,0,0,0,1,0,0,1,0,0.025691591203212738
174,2.0,15,1,0,0,0,0,0,0,1,0.004864669870585203
175,5.0,3,0,0,1,0,0,0,0,1,3.959778405260295e-05
176,15.0,3,0,0,0,1,0,0,1,0,0.036616597324609756
177,60.0,30,0,0,0,1,0,0,0,1,0.19287246465682983
178,2.0,7,1,0,0,0,0,0,0,1,8.762398647377267e-05
179,0.11,15,0,1,0,0,0,0,0,1,0.040165916085243225
180,60.0,600,0,0,0,1,0,0,0,1,0.0006482588942162693
181,0.3,100,0,1,0,0,0,0,1,0,3.833859955193475e-05
182,5.0,4500,0,0,1,0,0,0,1,0,0.004853072110563517
183,70.0,11,0,0,0,1,0,0,0,1,0.01397942565381527
184,0.3,5,0,1,0,0,0,0,1,0,0.001760183833539486
185,60.0,2,0,0,0,1,1,0,0,0,0.0004457587783690542
186,11.0,5,0,0,0,1,0,0,0,1,0.005195035599172115
187,2.0,140,1,0,0,0,0,1,0,0,0.007958062924444675
188,0.11,70,0,1,0,0,0,0,0,1,0.00017873031902126968
189,0.11,4500,0,1,0,0,0,0,1,0,0.9624285697937012
190,0.3,5,0,1,0,0,0,0,0,1,0.005308839958161116
191,15.0,2,0,0,0,1,1,0,0,0,0.02364698238670826
192,2.0,15,1,0,0,0,0,0,0,1,4.874618389294483e-05
193,2.0,2,1,0,0,0,1,0,0,0,0.9856475591659546
194,2.0,5,1,0,0,0,0,0,1,0,0.0002712288114707917
195,15.0,60,0,0,0,1,0,0,0,1,0.027142349630594254
196,2.0,15,1,0,0,0,0,0,0,1,0.00031847014906816185
197,500000.0,15,0,0,1,0,0,0,0,1,0.00018975668353959918
198,0.11,140,0,1,0,0,0,1,0,0,0.3356037735939026
199,300.0,15,0,0,0,1,0,0,0,1,0.0004328270151745528
200,300.0,30,0,0,0,1,0,0,0,1,0.0003356485103722662
201,15.0,2,0,0,0,1,0,0,0,1,0.9428344964981079
202,2.0,30,1,0,0,0,0,0,0,1,0.00011487145820865408
203,20.0,60,0,0,0,1,0,0,0,1,0.00017816000035963953
204,10.0,100,0,0,1,0,0,0,1,0,1.75944842339959e-05
205,70.0,600,0,0,0,1,0,0,0,1,0.557885468006134
206,11.0,310,0,0,0,1,0,1,0,0,0.006196785252541304
207,300.0,15,0,0,0,1,0,0,0,1,0.0005640636663883924
208,2.0,600,1,0,0,0,0,0,0,1,0.0036911829374730587
209,2.0,5,1,0,0,0,0,0,0,1,0.00037227923166938126
210,2.0,100,1,0,0,0,0,0,1,0,0.00013414460408966988
211,50.0,2,0,0,0,1,1,0,0,0,0.007633738219738007
212,2.0,3,1,0,0,0,0,0,1,0,0.019872065633535385
213,40.0,100,0,0,0,1,0,0,1,0,0.00038687948836013675
214,60.0,5,0,0,0,1,0,0,0,1,0.0036777120549231768
215,30.0,11,0,0,0,1,0,0,0,1,0.016877219080924988
216,10.0,30,0,0,0,1,0,0,0,1,0.06717560440301895
217,60.0,2,0,0,0,1,0,0,0,1,0.0007106212433427572
218,50.0,310,0,0,0,1,0,1,0,0,0.0009855517419055104
219,0.3,2,0,1,0,0,1,0,0,0,0.0016080728964880109
220,2.0,3,1,0,0,0,0,0,0,1,0.00017063261475414038
221,11.0,5,0,0,0,1,0,0,1,0,0.0002796686312649399
222,60.0,15,0,0,0,1,0,0,0,1,0.17757992446422577
223,70.0,15,0,0,0,1,0,0,0,1,0.0012898743152618408
224,30.0,35,0,0,0,1,0,0,0,1,0.0033092789817601442
225,2.0,100,1,0,0,0,0,0,1,0,9.905538900056854e-05
226,2.0,5,1,0,0,0,0,0,1,0,0.001487943110987544
227,2.0,20,1,0,0,0,0,0,0,1,0.011167701333761215
228,30.0,30,0,0,0,1,0,0,0,1,0.004184311721473932
229,60.0,60,0,0,0,1,0,0,0,1,0.515198826789856
230,2.0,60,1,0,0,0,0,0,0,1,0.0002554753446020186
231,2.0,140,1,0,0,0,0,1,0,0,0.014488940127193928
232,30.0,1,0,0,0,1,0,0,1,0,2.014821575357928e-06
233,40.0,30,0,0,0,1,0,0,0,1,0.9253292083740234
234,50.0,20,0,0,0,1,0,0,0,1,0.05014435201883316
235,15.0,5,0,0,0,1,0,0,1,0,0.001151399570517242
236,20.0,5,0,0,0,1,0,0,0,1,0.0005687333177775145
237,15.0,20,0,0,0,1,0,0,0,1,0.13312944769859314
238,300.0,1,0,0,0,1,0,0,1,0,0.0016399089945480227
239,2.0,140,1,0,0,0,0,1,0,0,0.01512299943715334
240,2.0,3,1,0,0,0,0,0,0,1,0.00021541556634474546
241,500000.0,5,0,0,1,0,0,0,1,0,0.006546123884618282
242,0.11,5,0,1,0,0,0,0,0,1,0.010447580367326736
243,5.0,310,0,0,1,0,0,1,0,0,0.007459715008735657
244,2.0,2,1,0,0,0,1,0,0,0,0.9842866063117981
245,0.3,35,0,1,0,0,0,0,0,1,0.02965252473950386
246,2.0,100,1,0,0,0,0,0,1,0,0.0001397139858454466
247,2.0,100,1,0,0,0,0,0,1,0,3.1818872230360284e-05
248,300.0,15,0,0,0,1,0,0,0,1,0.003017339389771223
249,2.0,70,1,0,0,0,0,0,0,1,0.012522552162408829
250,2.0,1,1,0,0,0,0,0,1,0,0.00022270514455158263
251,70.0,4500,0,0,0,1,0,0,1,0,0.22950001060962677
252,10.0,5,0,0,1,0,0,0,0,1,0.0018972938414663076
253,500000.0,1,0,0,1,0,0,0,1,0,0.0010365562047809362
254,2.0,140,1,0,0,0,0,1,0,0,0.005319047719240189
255,10.0,4500,0,0,0,1,0,0,1,0,0.0034840251319110394
256,500000.0,100,0,0,1,0,0,0,1,0,2.202119503635913e-05
257,0.11,15,0,1,0,0,0,0,0,1,8.083687134785578e-05
258,2.0,100,1,0,0,0,0,0,1,0,2.8756901883753017e-05
259,10.0,1,0,0,1,0,0,0,1,0,0.9900423288345337
260,10.0,3,0,0,1,0,0,0,1,0,0.9117909669876099
261,20.0,5,0,0,0,1,0,0,0,1,0.0009743176633492112
262,2.0,70,1,0,0,0,0,0,0,1,0.003927852027118206
263,2.0,1,1,0,0,0,0,0,1,0,0.0001750561932567507
264,0.11,1,0,1,0,0,0,0,1,0,0.0009369628387503326
265,2.0,15,1,0,0,0,0,0,0,1,0.0003772905038204044
266,300.0,60,0,0,0,1,0,0,0,1,0.15357591211795807
267,5.0,5,0,0,1,0,0,0,0,1,0.0012246753321960568
268,2.0,310,1,0,0,0,0,1,0,0,0.007582101505249739
269,2.0,5,1,0,0,0,0,0,0,1,0.00017509525059722364
270,0.3,5,0,1,0,0,0,0,0,1,0.005310789216309786
271,0.11,60,0,1,0,0,0,0,0,1,0.05487656593322754
272,0.3,3,0,1,0,0,0,0,0,1,0.0009513947297818959
273,30.0,5,0,0,0,1,0,0,1,0,1.4777664318899042e-06
274,0.3,2,0,1,0,0,1,0,0,0,0.027461977675557137
275,2.0,100,1,0,0,0,0,0,1,0,9.145274088950828e-05
276,2.0,70,1,0,0,0,0,0,0,1,0.012853463180363178
277,11.0,7,0,0,0,1,0,0,0,1,0.001182733802124858
278,60.0,5,0,0,0,1,0,0,1,0,2.439791842334671e-06
279,10.0,1,0,0,0,1,0,0,1,0,1.4705455214425456e-05
280,0.11,2,0,1,0,0,1,0,0,0,0.011272895149886608
281,60.0,15,0,0,0,1,0,0,0,1,0.16641385853290558
282,2.0,30,1,0,0,0,0,0,0,1,0.03071107529103756
283,10.0,5,0,0,1,0,0,0,1,0,0.9982748031616211
284,2.0,5,1,0,0,0,0,0,0,1,0.00037917791632935405
285,0.3,5,0,1,0,0,0,0,1,0,0.0008776012109592557
286,10.0,1,0,0,1,0,0,0,1,0,0.9925536513328552
287,5.0,5,0,0,1,0,0,0,1,0,0.001455022837035358
288,5.0,2,0,0,1,0,0,0,0,1,0.005476001650094986
289,300.0,70,0,0,0,1,0,0,0,1,0.0022932877764105797
290,5.0,100,0,0,1,0,0,0,1,0,5.235062417341396e-05
291,5.0,140,0,0,1,0,0,1,0,0,0.008202568627893925
292,5.0,4500,0,0,1,0,0,0,1,0,0.005099782254546881
293,0.11,30,0,1,0,0,0,0,0,1,5.0239599659107625e-05
294,2.0,100,1,0,0,0,0,0,1,0,9.164444054476917e-05
295,5.0,2,0,0,1,0,1,0,0,0,0.11432114988565445
296,11.0,30,0,0,0,1,0,0,0,1,0.06835035234689713
297,10.0,100,0,0,1,0,0,0,1,0,1.9540750145097263e-05
298,5.0,2,0,0,1,0,1,0,0,0,0.10840007662773132
299,60.0,100,0,0,0,1,0,0,1,0,0.006800973787903786
300,10.0,60,0,0,1,0,0,0,0,1,0.025764204561710358
301,15.0,5,0,0,0,1,0,0,0,1,0.972594141960144
302,5.0,140,0,0,1,0,0,1,0,0,0.008507666178047657
303,2.0,5,1,0,0,0,0,0,1,0,0.00045434560161083937
304,2.0,5,1,0,0,0,0,0,1,0,0.00010293020750395954
305,2.0,3,1,0,0,0,0,0,0,1,0.00022804917534813285
306,20.0,3,0,0,0,1,0,0,1,0,0.1698039174079895
307,30.0,3,0,0,0,1,0,0,1,0,0.0009285095729865134
308,2.0,3,1,0,0,0,0,0,1,0,0.020474817603826523
309,11.0,4500,0,0,0,1,0,0,1,0,0.006287417374551296
310,11.0,100,0,0,0,1,0,0,1,0,0.0016218085074797273
311,70.0,3,0,0,0,1,0,0,1,0,0.005399950314313173
312,50.0,2,0,0,0,1,0,0,0,1,0.3668132722377777
313,0.3,15,0,1,0,0,0,0,0,1,0.00011586983600864187
314,60.0,7,0,0,0,1,0,0,0,1,0.018517468124628067
315,70.0,5,0,0,0,1,0,0,1,0,0.005964183714240789
316,0.11,15,0,1,0,0,0,0,0,1,8.281590999104083e-05
317,2.0,15,1,0,0,0,0,0,0,1,0.0004093703755643219
318,2.0,5,1,0,0,0,0,0,0,1,0.00035386791569180787
319,30.0,15,0,0,0,1,0,0,0,1,0.0005504985456354916
320,30.0,1,0,0,0,1,0,0,1,0,2.5656727302703075e-06
321,60.0,4500,0,0,0,1,0,0,1,0,0.0004664283769670874
322,2.0,2,1,0,0,0,1,0,0,0,0.15348070859909058
323,2.0,100,1,0,0,0,0,0,1,0,8.838783105602488e-05
324,0.11,3,0,1,0,0,0,0,0,1,0.002239841502159834
325,2.0,15,1,0,0,0,0,0,0,1,0.0003988977405242622
326,0.3,1,0,1,0,0,0,0,1,0,0.0009879306890070438
327,0.3,140,0,1,0,0,0,1,0,0,0.9764901399612427
328,2.0,2,1,0,0,0,0,0,0,1,0.0009264310938306153
329,0.11,100,0,1,0,0,0,0,1,0,1.987746509257704e-05
330,2.0,140,1,0,0,0,0,1,0,0,0.005519482307136059
331,0.3,60,0,1,0,0,0,0,0,1,9.671865700511262e-05
332,300.0,5,0,0,0,1,0,0,1,0,0.001270220149308443
333,60.0,15,0,0,0,1,0,0,0,1,0.0004910665447823703
334,70.0,20,0,0,0,1,0,0,0,1,0.009351246990263462
335,2.0,4500,1,0,0,0,0,0,1,0,0.0002617916325107217
336,10.0,5,0,0,1,0,0,0,1,0,0.9980536699295044
337,0.11,100,0,1,0,0,0,0,1,0,2.0232871975167654e-05
338,10.0,140,0,0,1,0,0,1,0,0,0.016185443848371506
339,60.0,15,0,0,0,1,0,0,0,1,0.0004994445480406284
340,0.11,5,0,1,0,0,0,0,0,1,0.00033936582622118294
341,0.3,3,0,1,0,0,0,0,1,0,0.029513342306017876
342,2.0,1,1,0,0,0,0,0,1,0,0.00021250243298709393
343,300.0,2,0,0,0,1,1,0,0,0,0.0017494321800768375
344,15.0,100,0,0,0,1,0,0,1,0,0.0024512456730008125
345,15.0,7,0,0,0,1,0,0,0,1,0.001927643665112555
346,10.0,310,0,0,1,0,0,1,0,0,0.02610872872173786
347,0.11,1,0,1,0,0,0,0,1,0,0.0009664858807809651
348,0.3,140,0,1,0,0,0,1,0,0,0.9780043363571167
349,50.0,100,0,0,0,1,0,0,1,0,0.0032801164779812098
350,15.0,5,0,0,0,1,0,0,1,0,0.001141120446845889
351,2.0,60,1,0,0,0,0,0,0,1,0.0007064075907692313
352,10.0,100,0,0,1,0,0,0,1,0,1.75944842339959e-05
353,60.0,310,0,0,0,1,0,1,0,0,0.00022498067119158804
354,2.0,4200000,1,0,0,0,0,0,1,0,0.003766603535041213
355,10.0,5,0,0,1,0,0,0,1,0,0.9978591799736023
356,10.0,2,0,0,0,1,1,0,0,0,0.0007523560198023915
357,0.11,1,0,1,0,0,0,0,1,0,0.0009742638212628663
358,2.0,100,1,0,0,0,0,0,1,0,8.560047717764974e-05
359,5.0,3,0,0,1,0,0,0,0,1,4.070711656822823e-05
360,2.0,2,1,0,0,0,1,0,0,0,0.009019256569445133
361,2.0,1,1,0,0,0,0,0,1,0,0.0027265301905572414
362,70.0,100,0,0,0,1,0,0,1,0,0.00012088329094694927
363,11.0,3,0,0,0,1,0,0,1,0,0.11003910005092621
364,5.0,7,0,0,1,0,0,0,0,1,6.590950215468183e-05
365,2.0,3,1,0,0,0,0,0,1,0,0.09719731658697128
366,40.0,15,0,0,0,1,0,0,0,1,0.014130297116935253
367,0.11,1,0,1,0,0,0,0,1,0,0.002788758836686611
368,50.0,2,0,0,0,1,1,0,0,0,0.014631974510848522
369,10.0,310,0,0,1,0,0,1,0,0,0.023580020293593407
370,500000.0,2,0,0,1,0,1,0,0,0,0.023989485576748848
371,10.0,30,0,0,1,0,0,0,0,1,1.131412591348635e-05
372,5.0,15,0,0,1,0,0,0,0,1,0.0012292999308556318
373,11.0,5,0,0,0,1,0,0,1,0,0.0002787571575026959
374,15.0,30,0,0,0,1,0,0,0,1,0.00382475764490664
375,30.0,15,0,0,0,1,0,0,0,1,0.9318040609359741
376,50.0,7,0,0,0,1,0,0,0,1,0.001232973183505237
377,20.0,15,0,0,0,1,0,0,0,1,0.00016189647431019694
378,2.0,5,1,0,0,0,0,0,0,1,0.0009110008249990642
379,2.0,3,1,0,0,0,0,0,1,0,0.09228123724460602
380,2.0,1,1,0,0,0,0,0,1,0,0.00010914661834249273
381,2.0,15,1,0,0,0,0,0,0,1,0.0021996786817908287
382,0.3,30,0,1,0,0,0,0,0,1,0.011991380713880062
383,2.0,70,1,0,0,0,0,0,0,1,0.0008227648795582354
384,2.0,5,1,0,0,0,0,0,1,0,0.0009788405150175095
385,2.0,15,1,0,0,0,0,0,0,1,3.767580710700713e-05
386,10.0,2,0,0,1,0,0,0,0,1,0.007962740957736969
387,60.0,5,0,0,0,1,0,0,1,0,1.6404699181293836e-06
388,50.0,1,0,0,0,1,0,0,1,0,0.0005266311927698553
389,0.3,15,0,1,0,0,0,0,0,1,0.013928452506661415
390,2.0,2,1,0,0,0,1,0,0,0,0.008935830555856228
391,50.0,4500,0,0,0,1,0,0,1,0,0.0004592492477968335
392,0.11,4200000,0,1,0,0,0,0,1,0,0.05322413891553879
393,2.0,15,1,0,0,0,0,0,0,1,0.00012834173685405403
394,0.3,15,0,1,0,0,0,0,0,1,0.00011174447718076408
395,2.0,1,1,0,0,0,0,0,1,0,0.0003232582821510732
396,10.0,3,0,0,1,0,0,0,0,1,3.668526915134862e-05
397,15.0,4500,0,0,0,1,0,0,1,0,0.0051384237594902515
398,300.0,11,0,0,0,1,0,0,0,1,0.009678581729531288
399,10.0,15,0,0,1,0,0,0,0,1,0.03592308983206749
400,5.0,60,0,0,1,0,0,0,0,1,0.0010454540606588125
401,30.0,2,0,0,0,1,1,0,0,0,4.135625567869283e-05
402,2.0,100,1,0,0,0,0,0,1,0,9.145274088950828e-05
403,30.0,15,0,0,0,1,0,0,0,1,0.9318040609359741
404,0.11,30,0,1,0,0,0,0,0,1,0.00843589287251234
405,2.0,5,1,0,0,0,0,0,1,0,0.0004469060222618282
406,0.3,1,0,1,0,0,0,0,1,0,0.0021849526092410088
407,0.11,2,0,1,0,0,0,0,0,1,0.000964222417678684
408,10.0,15,0,0,0,1,0,0,0,1,0.07329076528549194
409,0.3,1,0,1,0,0,0,0,1,0,0.0010221530683338642
410,5.0,5,0,0,1,0,0,0,0,1,0.001176656223833561
411,15.0,11,0,0,0,1,0,0,0,1,0.12892501056194305
412,15.0,5,0,0,0,1,0,0,0,1,0.07103980332612991
413,2.0,11,1,0,0,0,0,0,0,1,0.03193242847919464
414,0.3,15,0,1,0,0,0,0,0,1,0.026213183999061584
415,0.3,5,0,1,0,0,0,0,0,1,0.0004682006547227502
416,2.0,5,1,0,0,0,0,0,0,1,0.002333556767553091
417,30.0,4200000,0,0,0,1,0,0,1,0,0.0005953727522864938
418,2.0,60,1,0,0,0,0,0,0,1,0.00026926444843411446
419,0.3,5,0,1,0,0,0,0,0,1,0.004996952135115862
420,11.0,4200000,0,0,0,1,0,0,1,0,0.007355150301009417
421,2.0,35,1,0,0,0,0,0,0,1,0.005919651594012976
422,300.0,15,0,0,0,1,0,0,0,1,0.0004328270151745528
423,11.0,15,0,0,0,1,0,0,0,1,0.009970872662961483
424,2.0,5,1,0,0,0,0,0,1,0,0.00010726504115154967
425,10.0,60,0,0,1,0,0,0,0,1,2.90159023279557e-05
426,500000.0,2,0,0,1,0,1,0,0,0,0.0014927065931260586
427,2.0,5,1,0,0,0,0,0,0,1,0.0008782093646004796
428,0.3,70,0,1,0,0,0,0,0,1,0.000264505302766338
429,500000.0,600,0,0,1,0,0,0,0,1,0.1528899073600769
430,60.0,5,0,0,0,1,0,0,1,0,2.4273870167235145e-06
431,10.0,2,0,0,0,1,0,0,0,1,0.00028569140704348683
432,2.0,4200000,1,0,0,0,0,0,1,0,0.010925749316811562
433,10.0,1,0,0,0,1,0,0,1,0,1.4791504327149596e-05
434,20.0,5,0,0,0,1,0,0,0,1,0.0010031253332272172
435,10.0,5,0,0,1,0,0,0,0,1,0.0038697291165590286
436,300.0,20,0,0,0,1,0,0,0,1,0.002131263492628932
437,40.0,2,0,0,0,1,1,0,0,0,0.0935409739613533
438,500000.0,140,0,0,1,0,0,1,0,0,0.021253645420074463
439,0.3,5,0,1,0,0,0,0,1,0,0.0008599545108154416
440,50.0,100,0,0,0,1,0,0,1,0,0.00370169710367918
441,30.0,15,0,0,0,1,0,0,0,1,0.0004850885597988963
442,2.0,310,1,0,0,0,0,1,0,0,0.001630971091799438
443,15.0,50,0,0,0,1,0,0,0,1,0.9302395582199097
444,15.0,35,0,0,0,1,0,0,0,1,0.0342254638671875
445,0.11,15,0,1,0,0,0,0,0,1,8.281590999104083e-05
446,15.0,4500,0,0,0,1,0,0,1,0,0.0053518288768827915
447,50.0,3,0,0,0,1,0,0,1,0,0.02753053791821003
448,0.3,100,0,1,0,0,0,0,1,0,3.995910446974449e-05
449,30.0,60,0,0,0,1,0,0,0,1,0.8075302243232727
450,30.0,60,0,0,0,1,0,0,0,1,0.0004666136228479445
451,2.0,5,1,0,0,0,0,0,0,1,0.0023098948877304792
452,10.0,15,0,0,1,0,0,0,0,1,0.0160873644053936
453,2.0,15,1,0,0,0,0,0,0,1,0.0019045850494876504
454,40.0,3,0,0,0,1,0,0,1,0,0.18991364538669586
455,2.0,140,1,0,0,0,0,1,0,0,0.005478229373693466
456,2.0,15,1,0,0,0,0,0,0,1,0.0005125011084601283
457,50.0,15,0,0,0,1,0,0,0,1,0.03269205242395401
458,2.0,310,1,0,0,0,0,1,0,0,0.012406894937157631
459,15.0,15,0,0,0,1,0,0,0,1,0.002977157710120082
460,5.0,15,0,0,1,0,0,0,0,1,0.0003669988363981247
461,10.0,50,0,0,1,0,0,0,0,1,0.01118732150644064
462,2.0,50,1,0,0,0,0,0,0,1,0.006949989125132561
463,0.11,4500,0,1,0,0,0,0,1,0,0.9627470970153809
464,2.0,140,1,0,0,0,0,1,0,0,0.007696863729506731
465,2.0,5,1,0,0,0,0,0,0,1,0.0004487878759391606
466,50.0,600,0,0,0,1,0,0,0,1,0.005581857170909643
467,10.0,4500,0,0,1,0,0,0,1,0,0.04773148521780968
468,5.0,1,0,0,1,0,0,0,1,0,0.0009620154742151499
469,500000.0,15,0,0,1,0,0,0,0,1,0.48098626732826233
470,0.11,4200000,0,1,0,0,0,0,1,0,0.05596359446644783
471,5.0,70,0,0,1,0,0,0,0,1,0.004204485099762678
472,11.0,60,0,0,0,1,0,0,0,1,0.0050719911232590675
473,20.0,15,0,0,0,1,0,0,0,1,0.0022233074996620417
474,2.0,1,1,0,0,0,0,0,1,0,0.002476813504472375
475,2.0,5,1,0,0,0,0,0,0,1,0.000397295894799754
476,2.0,5,1,0,0,0,0,0,1,0,0.00043919391464442015
477,2.0,60,1,0,0,0,0,0,0,1,0.005360165610909462
478,5.0,60,0,0,1,0,0,0,0,1,0.0004167293955106288
479,5.0,1,0,0,1,0,0,0,1,0,0.0006283574621193111
480,2.0,5,1,0,0,0,0,0,1,0,0.0004596893850248307
481,0.11,3,0,1,0,0,0,0,0,1,0.0021700765937566757
482,40.0,5,0,0,0,1,0,0,1,0,0.0014892457984387875
483,0.11,1,0,1,0,0,0,0,1,0,0.002729925327003002
484,2.0,4500,1,0,0,0,0,0,1,0,0.026075629517436028
485,15.0,5,0,0,0,1,0,0,1,0,0.0009234173339791596
486,30.0,5,0,0,0,1,0,0,0,1,0.002112938789650798
487,30.0,140,0,0,0,1,0,1,0,0,0.00022661495313514024
488,40.0,5,0,0,0,1,0,0,1,0,0.0014703685883432627
489,5.0,2,0,0,1,0,1,0,0,0,0.10769357532262802
490,40.0,5,0,0,0,1,0,0,0,1,0.0035304753109812737
491,500000.0,60,0,0,1,0,0,0,0,1,0.00020249461522325873
492,2.0,4500,1,0,0,0,0,0,1,0,0.01577380672097206
493,2.0,7,1,0,0,0,0,0,0,1,5.0675975217018276e-05
494,2.0,3,1,0,0,0,0,0,0,1,0.0001436901220586151
495,5.0,50,0,0,1,0,0,0,0,1,0.001351973507553339
496,0.11,5,0,1,0,0,0,0,1,0,0.002082756720483303
497,20.0,600,0,0,0,1,0,0,0,1,0.0018232837319374084
498,2.0,15,1,0,0,0,0,0,0,1,0.00036462186835706234
499,10.0,15,0,0,1,0,0,0,0,1,1.4168294001137838e-05
500,2.0,30,1,0,0,0,0,0,0,1,0.053168997168540955
501,2.0,5,1,0,0,0,0,0,0,1,0.0023082252591848373
502,2.0,2,1,0,0,0,1,0,0,0,0.024100376293063164
503,10.0,11,0,0,1,0,0,0,0,1,0.01566295139491558
504,2.0,30,1,0,0,0,0,0,0,1,0.002829132368788123
505,2.0,15,1,0,0,0,0,0,0,1,0.002773777348920703
506,2.0,15,1,0,0,0,0,0,0,1,0.0003544373612385243
507,5.0,30,0,0,1,0,0,0,0,1,0.15185369551181793
508,2.0,2,1,0,0,0,1,0,0,0,0.006009563338011503
509,10.0,5,0,0,0,1,0,0,0,1,0.00180446554441005
510,2.0,1,1,0,0,0,0,0,1,0,0.00010416324948891997
511,0.3,3,0,1,0,0,0,0,1,0,0.0309330802410841
512,30.0,15,0,0,0,1,0,0,0,1,0.9382655024528503
513,2.0,11,1,0,0,0,0,0,0,1,0.0018222357612103224
514,50.0,30,0,0,0,1,0,0,0,1,0.0434313639998436
515,0.3,30,0,1,0,0,0,0,0,1,4.95094463985879e-05
516,15.0,60,0,0,0,1,0,0,0,1,0.004593850579112768
517,5.0,5,0,0,1,0,0,0,0,1,0.0011729073012247682
518,0.3,20,0,1,0,0,0,0,0,1,0.0024569507222622633
519,300.0,2,0,0,0,1,1,0,0,0,0.015106715261936188
520,11.0,2,0,0,0,1,1,0,0,0,0.005993454251438379
521,5.0,2,0,0,1,0,0,0,0,1,0.005245035048574209
522,0.11,5,0,1,0,0,0,0,0,1,0.00981107633560896
523,11.0,5,0,0,0,1,0,0,0,1,0.038619402796030045
524,2.0,100,1,0,0,0,0,0,1,0,8.838783105602488e-05
525,0.3,310,0,1,0,0,0,1,0,0,0.9780268669128418
526,20.0,1,0,0,0,1,0,0,1,0,0.00024677551118656993
527,2.0,600,1,0,0,0,0,0,0,1,0.000902338360901922
528,70.0,15,0,0,0,1,0,0,0,1,0.0018552957335487008
529,70.0,5,0,0,0,1,0,0,1,0,0.0037131132557988167
530,70.0,2,0,0,0,1,1,0,0,0,0.029217595234513283
531,2.0,5,1,0,0,0,0,0,0,1,0.00043008741340599954
532,5.0,5,0,0,1,0,0,0,1,0,0.001514308387413621
533,11.0,100,0,0,0,1,0,0,1,0,0.0016218085074797273
534,40.0,3,0,0,0,1,0,0,1,0,0.1860547512769699
535,70.0,100,0,0,0,1,0,0,1,0,0.00012088329094694927
536,0.3,5,0,1,0,0,0,0,1,0,0.0017808631528168917
537,0.3,1,0,1,0,0,0,0,1,0,0.0021216562017798424
538,2.0,1,1,0,0,0,0,0,1,0,0.00030231900746002793
539,2.0,100,1,0,0,0,0,0,1,0,0.0001339436712441966
540,2.0,3,1,0,0,0,0,0,0,1,0.00016647536540403962
541,11.0,15,0,0,0,1,0,0,0,1,0.02375139854848385
542,0.11,3,0,1,0,0,0,0,1,0,0.008932651951909065
543,50.0,5,0,0,0,1,0,0,1,0,0.00015268662536982447
544,5.0,1,0,0,1,0,0,0,1,0,0.0008562060538679361
545,2.0,5,1,0,0,0,0,0,0,1,0.0003360144910402596
546,0.11,15,0,1,0,0,0,0,0,1,6.996377487666905e-05
547,20.0,15,0,0,0,1,0,0,0,1,0.0031624024268239737
548,10.0,100,0,0,1,0,0,0,1,0,1.9540750145097263e-05
549,0.11,2,0,1,0,0,1,0,0,0,0.023767998442053795
550,30.0,100,0,0,0,1,0,0,1,0,0.06180425360798836
551,500000.0,5,0,0,1,0,0,0,0,1,0.121734619140625
552,500000.0,4200000,0,0,1,0,0,0,1,0,0.9123106598854065
553,11.0,1,0,0,0,1,0,0,1,0,0.000247147778281942
554,15.0,3,0,0,0,1,0,0,0,1,0.0026861720252782106
555,40.0,140,0,0,0,1,0,1,0,0,0.01466991938650608
556,50.0,4200000,0,0,0,1,0,0,1,0,0.00161741825286299
557,500000.0,310,0,0,1,0,0,1,0,0,0.02097044698894024
558,5.0,310,0,0,1,0,0,1,0,0,0.007566492073237896
559,10.0,2,0,0,1,0,1,0,0,0,0.05203799158334732
560,2.0,600,1,0,0,0,0,0,0,1,0.0020057735964655876
561,15.0,5,0,0,0,1,0,0,0,1,0.9719226360321045
562,2.0,4500,1,0,0,0,0,0,1,0,0.015156999230384827
563,0.11,1,0,1,0,0,0,0,1,0,0.002757731359452009
564,30.0,3,0,0,0,1,0,0,1,0,0.0009302535909228027
565,2.0,5,1,0,0,0,0,0,0,1,0.00016842101467773318
566,20.0,2,0,0,0,1,1,0,0,0,0.046056605875492096
567,2.0,2,1,0,0,0,1,0,0,0,0.0009373530629090965
568,2.0,30,1,0,0,0,0,0,0,1,0.00032786864903755486
569,2.0,15,1,0,0,0,0,0,0,1,0.0013685921439900994
570,20.0,1,0,0,0,1,0,0,1,0,0.0002396132767898962
571,5.0,4200000,0,0,1,0,0,0,1,0,0.0026618593838065863
572,20.0,2,0,0,0,1,1,0,0,0,0.00977991335093975
573,2.0,5,1,0,0,0,0,0,0,1,0.0015046893386170268
574,5.0,140,0,0,1,0,0,1,0,0,0.008607836440205574
575,20.0,3,0,0,0,1,0,0,0,1,7.770828233333305e-05
576,10.0,5,0,0,1,0,0,0,1,0,0.9983634352684021
577,2.0,35,1,0,0,0,0,0,0,1,0.007966131903231144
578,0.11,100,0,1,0,0,0,0,1,0,1.987746509257704e-05
579,2.0,5,1,0,0,0,0,0,0,1,0.00231305998750031
580,2.0,4200000,1,0,0,0,0,0,1,0,0.0047167218290269375
581,0.3,5,0,1,0,0,0,0,0,1,0.0005014060297980905
582,2.0,15,1,0,0,0,0,0,0,1,0.002150053856894374
583,2.0,4200000,1,0,0,0,0,0,1,0,0.0012966518988832831
584,500000.0,3,0,0,1,0,0,0,1,0,0.009793762117624283
585,10.0,2,0,0,1,0,1,0,0,0,0.04395958408713341
586,70.0,15,0,0,0,1,0,0,0,1,0.0018552957335487008
587,300.0,15,0,0,0,1,0,0,0,1,0.18142004311084747
588,5.0,100,0,0,1,0,0,0,1,0,5.133709419169463e-05
589,20.0,1,0,0,0,1,0,0,1,0,0.00023577654792461544
590,20.0,3,0,0,0,1,0,0,0,1,8.098285616142675e-05
591,10.0,4500,0,0,0,1,0,0,1,0,0.003426137613132596
592,500000.0,50,0,0,1,0,0,0,0,1,0.0024223639629781246
593,2.0,15,1,0,0,0,0,0,0,1,3.835066672763787e-05
594,60.0,310,0,0,0,1,0,1,0,0,0.00022084859665483236
595,10.0,140,0,0,0,1,0,1,0,0,0.0005682548508048058
596,70.0,5,0,0,0,1,0,0,0,1,0.9131108522415161
597,10.0,70,0,0,1,0,0,0,0,1,0.0015517096035182476
598,300.0,3,0,0,0,1,0,0,0,1,0.0008025179267860949
599,2.0,60,1,0,0,0,0,0,0,1,0.0006795248482376337
600,2.0,15,1,0,0,0,0,0,0,1,4.979305958840996e-05
601,40.0,5,0,0,0,1,0,0,0,1,0.001867993618361652
602,5.0,4500,0,0,1,0,0,0,1,0,0.005352970212697983
603,10.0,100,0,0,0,1,0,0,1,0,0.006534012500196695
604,2.0,7,1,0,0,0,0,0,0,1,8.284861542051658e-05
605,5.0,15,0,0,1,0,0,0,0,1,0.0020750227849930525
606,70.0,15,0,0,0,1,0,0,0,1,0.9278789162635803
607,300.0,310,0,0,0,1,0,1,0,0,0.008614488877356052
608,2.0,5,1,0,0,0,0,0,0,1,0.00017889060836751014
609,11.0,600,0,0,0,1,0,0,0,1,0.011804407462477684
610,300.0,2,0,0,0,1,0,0,0,1,0.0017824763199314475
611,10.0,15,0,0,1,0,0,0,0,1,1.5279496437869966e-05
612,2.0,60,1,0,0,0,0,0,0,1,0.0001286657206946984
613,10.0,140,0,0,1,0,0,1,0,0,0.01816234365105629
614,500000.0,4500,0,0,1,0,0,0,1,0,0.13522067666053772
615,0.11,3,0,1,0,0,0,0,0,1,0.002162858145311475
616,30.0,100,0,0,0,1,0,0,1,0,0.06909884512424469
617,30.0,5,0,0,0,1,0,0,0,1,0.0014889742014929652
618,30.0,310,0,0,0,1,0,1,0,0,0.00015941441233735532
619,40.0,140,0,0,0,1,0,1,0,0,0.013662758283317089
620,0.11,310,0,1,0,0,0,1,0,0,0.36252787709236145
621,2.0,310,1,0,0,0,0,1,0,0,0.012421643361449242
622,60.0,1,0,0,0,1,0,0,1,0,3.1317069897340843e-06
623,0.11,1,0,1,0,0,0,0,1,0,0.0027522381860762835
624,0.11,3,0,1,0,0,0,0,1,0,0.009180671535432339
625,10.0,5,0,0,0,1,0,0,1,0,9.54486404225463e-06
626,2.0,140,1,0,0,0,0,1,0,0,0.015162295661866665
627,11.0,15,0,0,0,1,0,0,0,1,0.009970872662961483
628,15.0,15,0,0,0,1,0,0,0,1,0.02963152527809143
629,2.0,20,1,0,0,0,0,0,0,1,0.009850910864770412
630,0.3,2,0,1,0,0,1,0,0,0,0.061547260731458664
631,5.0,1,0,0,1,0,0,0,1,0,0.0008966398308984935
632,30.0,310,0,0,0,1,0,1,0,0,0.0001547049469081685
633,40.0,11,0,0,0,1,0,0,0,1,0.054533299058675766
634,2.0,1,1,0,0,0,0,0,1,0,0.00011546790483407676
635,5.0,5,0,0,1,0,0,0,0,1,0.00021553822443820536
636,10.0,1,0,0,1,0,0,0,1,0,0.9903163313865662
637,40.0,15,0,0,0,1,0,0,0,1,0.002016649581491947
638,40.0,1,0,0,0,1,0,0,1,0,0.0011209237854927778
639,40.0,600,0,0,0,1,0,0,0,1,0.007440586108714342
640,40.0,100,0,0,0,1,0,0,1,0,0.00038546876749023795
641,0.11,5,0,1,0,0,0,0,0,1,0.010812005959451199
642,0.3,1,0,1,0,0,0,0,1,0,0.0010299598798155785
643,2.0,100,1,0,0,0,0,0,1,0,3.1695370125817135e-05
644,5.0,100,0,0,1,0,0,0,1,0,5.533837611437775e-05
645,2.0,7,1,0,0,0,0,0,0,1,5.020386743126437e-05
646,50.0,5,0,0,0,1,0,0,1,0,0.00016648901510052383
647,50.0,15,0,0,0,1,0,0,0,1,0.002102177357301116
648,2.0,4500,1,0,0,0,0,0,1,0,0.00023520333343185484
649,10.0,15,0,0,1,0,0,0,0,1,1.3185612260713242e-05
650,60.0,50,0,0,0,1,0,0,0,1,0.0003508611407596618
651,0.3,35,0,1,0,0,0,0,0,1,0.029086556285619736
652,2.0,15,1,0,0,0,0,0,0,1,0.00011438472574809566
653,20.0,5,0,0,0,1,0,0,1,0,0.0005314944428391755
654,40.0,15,0,0,0,1,0,0,0,1,0.008233523927628994
655,50.0,30,0,0,0,1,0,0,0,1,0.033052053302526474
656,2.0,5,1,0,0,0,0,0,1,0,0.00021800518152303994
657,50.0,100,0,0,0,1,0,0,1,0,0.0032801164779812098
658,40.0,5,0,0,0,1,0,0,1,0,0.0018112246179953218
659,10.0,15,0,0,1,0,0,0,0,1,1.3185612260713242e-05
660,10.0,2,0,0,0,1,1,0,0,0,0.00048897071974352
661,2.0,100,1,0,0,0,0,0,1,0,2.845703056664206e-05
662,2.0,30,1,0,0,0,0,0,0,1,0.027895968407392502
663,2.0,5,1,0,0,0,0,0,1,0,0.0013946194667369127
664,2.0,5,1,0,0,0,0,0,0,1,0.000878012680914253
665,2.0,3,1,0,0,0,0,0,0,1,0.0002364099636906758
666,30.0,5,0,0,0,1,0,0,0,1,0.0020705105271190405
667,0.3,5,0,1,0,0,0,0,0,1,0.0056153698824346066
668,30.0,15,0,0,0,1,0,0,0,1,0.000806666910648346
669,500000.0,4500,0,0,1,0,0,0,1,0,0.1382351964712143
670,2.0,5,1,0,0,0,0,0,0,1,0.0023828810080885887
671,5.0,100,0,0,1,0,0,0,1,0,5.133709419169463e-05
672,5.0,100,0,0,1,0,0,0,1,0,5.235062417341396e-05
673,10.0,100,0,0,1,0,0,0,1,0,1.6696230886736885e-05
674,0.3,15,0,1,0,0,0,0,0,1,0.00011546019959496334
675,2.0,15,1,0,0,0,0,0,0,1,0.0003772905038204044
676,50.0,15,0,0,0,1,0,0,0,1,0.030238773673772812
677,40.0,5,0,0,0,1,0,0,1,0,0.0017760804621502757
678,0.3,60,0,1,0,0,0,0,0,1,0.00010114960605278611
679,0.11,2,0,1,0,0,1,0,0,0,0.025647632777690887
680,2.0,2,1,0,0,0,1,0,0,0,0.005270018242299557
681,40.0,35,0,0,0,1,0,0,0,1,0.01584712415933609
682,30.0,30,0,0,0,1,0,0,0,1,0.9377524256706238
683,0.11,310,0,1,0,0,0,1,0,0,0.3600262701511383
684,300.0,5,0,0,0,1,0,0,1,0,0.002500157570466399
685,5.0,2,0,0,1,0,1,0,0,0,0.00972195528447628
686,15.0,15,0,0,0,1,0,0,0,1,0.0037915222346782684
687,2.0,30,1,0,0,0,0,0,0,1,0.00032713456312194467
688,70.0,30,0,0,0,1,0,0,0,1,0.01648053713142872
689,0.3,3,0,1,0,0,0,0,0,1,0.0009494749247096479
690,2.0,35,1,0,0,0,0,0,0,1,0.007806412875652313
691,2.0,15,1,0,0,0,0,0,0,1,0.0003580971388146281
692,5.0,11,0,0,1,0,0,0,0,1,0.04803468659520149
693,2.0,310,1,0,0,0,0,1,0,0,0.001507736393250525
694,30.0,15,0,0,0,1,0,0,0,1,0.9382655024528503
695,2.0,310,1,0,0,0,0,1,0,0,0.005354646593332291
696,40.0,15,0,0,0,1,0,0,0,1,0.001329308026470244
697,0.11,60,0,1,0,0,0,0,0,1,0.00010823910270119086
698,5.0,50,0,0,1,0,0,0,0,1,0.0014429682632908225
699,2.0,5,1,0,0,0,0,0,1,0,0.00021908330381847918
700,0.3,5,0,1,0,0,0,0,1,0,0.0018857312388718128
701,0.3,15,0,1,0,0,0,0,0,1,0.00010814604320330545
702,500000.0,5,0,0,1,0,0,0,0,1,0.0004313748504500836
703,5.0,15,0,0,1,0,0,0,0,1,0.00039631404797546566
704,20.0,5,0,0,0,1,0,0,1,0,0.0003443841706030071
705,2.0,3,1,0,0,0,0,0,0,1,0.0001395966683048755
706,0.3,15,0,1,0,0,0,0,0,1,0.00011546019959496334
707,2.0,1,1,0,0,0,0,0,1,0,0.0002014550700550899
708,0.11,15,0,1,0,0,0,0,0,1,0.041751157492399216
709,2.0,5,1,0,0,0,0,0,1,0,0.0009410962811671197
710,60.0,20,0,0,0,1,0,0,0,1,0.00035541001125238836
711,2.0,2,1,0,0,0,1,0,0,0,0.006249723490327597
712,20.0,2,0,0,0,1,0,0,0,1,0.0038133016787469387
713,0.11,3,0,1,0,0,0,0,1,0,0.009518766775727272
714,2.0,3,1,0,0,0,0,0,1,0,0.05961626023054123
715,2.0,100,1,0,0,0,0,0,1,0,8.819494541967288e-05
716,11.0,1,0,0,0,1,0,0,1,0,0.0003678436914924532
717,2.0,2,1,0,0,0,1,0,0,0,0.004979568533599377
718,2.0,50,1,0,0,0,0,0,0,1,0.0010048982221633196
719,2.0,1,1,0,0,0,0,0,1,0,0.00011271211405983195
720,10.0,140,0,0,1,0,0,1,0,0,0.016780469566583633
721,300.0,5,0,0,0,1,0,0,0,1,0.08682433515787125
722,5.0,15,0,0,1,0,0,0,0,1,0.002207455923780799
723,70.0,15,0,0,0,1,0,0,0,1,0.0467170886695385
724,0.11,20,0,1,0,0,0,0,0,1,0.0011186219053342938
725,0.11,4500,0,1,0,0,0,0,1,0,0.9636427164077759
726,2.0,140,1,0,0,0,0,1,0,0,0.0075719719752669334
727,5.0,3,0,0,1,0,0,0,1,0,0.9580467939376831
728,10.0,310,0,0,0,1,0,1,0,0,0.00047913030721247196
729,0.3,5,0,1,0,0,0,0,0,1,0.0004790275706909597
730,10.0,3,0,0,0,1,0,0,0,1,0.8866849541664124
731,0.3,4500,0,1,0,0,0,0,1,0,0.4490209221839905
732,10.0,310,0,0,0,1,0,1,0,0,0.0004959002835676074
733,10.0,20,0,0,1,0,0,0,0,1,0.009280114434659481
734,2.0,4500,1,0,0,0,0,0,1,0,0.014097996056079865
735,2.0,5,1,0,0,0,0,0,1,0,0.0001004551158985123
736,300.0,5,0,0,0,1,0,0,0,1,0.0010393605334684253
737,15.0,15,0,0,0,1,0,0,0,1,0.032760802656412125
738,10.0,3,0,0,0,1,0,0,0,1,0.8856796622276306
739,5.0,60,0,0,1,0,0,0,0,1,0.0004195616929791868
740,2.0,140,1,0,0,0,0,1,0,0,0.0055236914195120335
741,2.0,5,1,0,0,0,0,0,1,0,0.00020687149662990123
742,10.0,3,0,0,0,1,0,0,1,0,0.0001326479687122628
743,2.0,3,1,0,0,0,0,0,1,0,0.0040914081037044525
744,15.0,600,0,0,0,1,0,0,0,1,0.029683828353881836
745,40.0,4500,0,0,0,1,0,0,1,0,0.02672823704779148
746,2.0,2,1,0,0,0,1,0,0,0,0.21177814900875092
747,10.0,3,0,0,1,0,0,0,0,1,3.5774981370195746e-05
748,0.11,60,0,1,0,0,0,0,0,1,0.05760340020060539
749,70.0,15,0,0,0,1,0,0,0,1,0.0012898743152618408
750,0.3,100,0,1,0,0,0,0,1,0,3.995910446974449e-05
751,2.0,1,1,0,0,0,0,0,1,0,0.0027897534891963005
752,2.0,5,1,0,0,0,0,0,0,1,0.00018598107271827757
753,30.0,100,0,0,0,1,0,0,1,0,0.06909884512424469
754,2.0,15,1,0,0,0,0,0,0,1,0.0006221987423487008
755,10.0,15,0,0,0,1,0,0,0,1,0.0003502680629026145
756,2.0,2,1,0,0,0,0,0,0,1,0.009004407562315464
757,10.0,70,0,0,0,1,0,0,0,1,0.0002752830332610756
758,15.0,2,0,0,0,1,1,0,0,0,0.03239048644900322
759,40.0,7,0,0,0,1,0,0,0,1,0.00047426894889213145
760,5.0,30,0,0,1,0,0,0,0,1,0.13862206041812897
761,2.0,35,1,0,0,0,0,0,0,1,0.0011985005112364888
762,0.3,5,0,1,0,0,0,0,1,0,0.0008174115209840238
763,10.0,60,0,0,0,1,0,0,0,1,0.21629124879837036
764,2.0,30,1,0,0,0,0,0,0,1,0.0003570985863916576
765,5.0,5,0,0,1,0,0,0,0,1,0.00022877306037116796
766,2.0,60,1,0,0,0,0,0,0,1,2.5773171728360467e-05
767,0.11,2,0,1,0,0,1,0,0,0,0.000424233207013458
768,50.0,5,0,0,0,1,0,0,0,1,0.002359831240028143
769,500000.0,11,0,0,1,0,0,0,0,1,0.005422924645245075
770,15.0,1,0,0,0,1,0,0,1,0,0.004967025015503168
771,2.0,3,1,0,0,0,0,0,0,1,4.351265943114413e-06
772,2.0,4500,1,0,0,0,0,0,1,0,0.015106551349163055
773,40.0,100,0,0,0,1,0,0,1,0,0.00038687948836013675
774,5.0,140,0,0,1,0,0,1,0,0,0.007903102785348892
775,2.0,3,1,0,0,0,0,0,1,0,0.020507318899035454
776,10.0,100,0,0,1,0,0,0,1,0,1.8438089682604186e-05
777,500000.0,15,0,0,1,0,0,0,0,1,0.002166883321478963
778,2.0,70,1,0,0,0,0,0,0,1,0.0007800025050528347
779,2.0,2,1,0,0,0,1,0,0,0,0.005725040566176176
780,11.0,3,0,0,0,1,0,0,0,1,0.0017819706117734313
781,10.0,1,0,0,0,1,0,0,1,0,1.4680191270599607e-05
782,10.0,100,0,0,1,0,0,0,1,0,1.8438089682604186e-05
783,60.0,3,0,0,0,1,0,0,0,1,0.3109953701496124
784,0.11,7,0,1,0,0,0,0,0,1,0.00010874022700591013
785,60.0,11,0,0,0,1,0,0,0,1,0.003029954619705677
786,500000.0,30,0,0,1,0,0,0,0,1,0.018229559063911438
787,20.0,100,0,0,0,1,0,0,1,0,5.021559991291724e-05
788,300.0,30,0,0,0,1,0,0,0,1,0.009564877487719059
789,60.0,70,0,0,0,1,0,0,0,1,0.0016530218999832869
790,2.0,5,1,0,0,0,0,0,1,0,0.0008615627884864807
791,50.0,140,0,0,0,1,0,1,0,0,0.0011448103468865156
792,10.0,30,0,0,0,1,0,0,0,1,0.0005101040005683899
793,10.0,5,0,0,1,0,0,0,0,1,0.0019861499313265085
794,2.0,5,1,0,0,0,0,0,0,1,0.0023421260993927717
795,2.0,5,1,0,0,0,0,0,0,1,0.001417933963239193
796,5.0,30,0,0,1,0,0,0,0,1,0.000448383332695812
797,10.0,11,0,0,1,0,0,0,0,1,0.014935547485947609
798,60.0,5,0,0,0,1,0,0,0,1,0.003440625499933958
799,70.0,1,0,0,0,1,0,0,1,0,0.0022643900010734797
800,2.0,2,1,0,0,0,0,0,0,1,0.007623990997672081
801,10.0,3,0,0,0,1,0,0,1,0,0.00012453622184693813
802,500000.0,7,0,0,1,0,0,0,0,1,0.00025326042668893933
803,2.0,5,1,0,0,0,0,0,0,1,0.0003774140786845237
804,50.0,310,0,0,0,1,0,1,0,0,0.000986902043223381
805,0.3,1,0,1,0,0,0,0,1,0,0.0022529358975589275
806,0.11,2,0,1,0,0,1,0,0,0,0.010981316678225994
807,2.0,2,1,0,0,0,1,0,0,0,0.0046138884499669075
808,0.11,5,0,1,0,0,0,0,1,0,0.0021419136319309473
809,0.3,60,0,1,0,0,0,0,0,1,0.0220392644405365
810,40.0,1,0,0,0,1,0,0,1,0,0.0011631553061306477
811,500000.0,140,0,0,1,0,0,1,0,0,0.020697103813290596
812,20.0,100,0,0,0,1,0,0,1,0,5.021559991291724e-05
813,10.0,140,0,0,0,1,0,1,0,0,0.0005392310558818281
814,10.0,2,0,0,1,0,1,0,0,0,0.023776564747095108
815,2.0,15,1,0,0,0,0,0,0,1,4.874618389294483e-05
816,2.0,15,1,0,0,0,0,0,0,1,0.00012537313159555197
817,20.0,20,0,0,0,1,0,0,0,1,0.004088493064045906
818,5.0,5,0,0,1,0,0,0,1,0,0.0013094141613692045
819,2.0,50,1,0,0,0,0,0,0,1,0.006867874879390001
820,11.0,2,0,0,0,1,0,0,0,1,0.05551884323358536
821,10.0,35,0,0,1,0,0,0,0,1,0.008173556067049503
822,0.3,3,0,1,0,0,0,0,0,1,0.000918863108381629
823,300.0,15,0,0,0,1,0,0,0,1,0.0005640636663883924
824,0.3,100,0,1,0,0,0,0,1,0,4.01748729927931e-05
825,2.0,140,1,0,0,0,0,1,0,0,0.0017907378496602178
826,2.0,3,1,0,0,0,0,0,1,0,0.02148112654685974
827,2.0,70,1,0,0,0,0,0,0,1,0.0016759488498792052
828,0.3,100,0,1,0,0,0,0,1,0,4.01748729927931e-05
829,2.0,2,1,0,0,0,1,0,0,0,0.9611755609512329
830,70.0,5,0,0,0,1,0,0,0,1,0.02533498965203762
831,300.0,100,0,0,0,1,0,0,1,0,3.1952480640029535e-05
832,2.0,100,1,0,0,0,0,0,1,0,8.563093433622271e-05
833,60.0,15,0,0,0,1,0,0,0,1,0.0006615369347855449
834,5.0,5,0,0,1,0,0,0,1,0,0.0016074191080406308
835,500000.0,5,0,0,1,0,0,0,0,1,0.0004368006775621325
836,70.0,1,0,0,0,1,0,0,1,0,0.0074565415270626545
837,10.0,600,0,0,1,0,0,0,0,1,0.010951145552098751
838,60.0,1,0,0,0,1,0,0,1,0,2.4060932446445804e-06
839,2.0,2,1,0,0,0,0,0,0,1,0.007517547346651554
840,20.0,50,0,0,0,1,0,0,0,1,0.0015308135189116001
841,2.0,15,1,0,0,0,0,0,0,1,0.00607226463034749
842,11.0,1,0,0,0,1,0,0,1,0,0.0002474068896844983
843,10.0,4500,0,0,1,0,0,0,1,0,0.04664148390293121
844,2.0,5,1,0,0,0,0,0,1,0,0.0014098024694249034
845,10.0,60,0,0,1,0,0,0,0,1,2.6828649424714968e-05
846,60.0,1,0,0,0,1,0,0,1,0,3.2888933674257714e-06
847,0.3,2,0,1,0,0,0,0,0,1,0.0014347475953400135
848,500000.0,5,0,0,1,0,0,0,1,0,0.0038358585443347692
849,2.0,60,1,0,0,0,0,0,0,1,0.00011479471140773967
850,2.0,2,1,0,0,0,1,0,0,0,0.0008996937540359795
851,2.0,140,1,0,0,0,0,1,0,0,0.001572119421325624
852,0.3,11,0,1,0,0,0,0,0,1,0.010008338838815689
853,500000.0,2,0,0,1,0,1,0,0,0,0.022281307727098465
854,70.0,15,0,0,0,1,0,0,0,1,0.9414495229721069
855,2.0,7,1,0,0,0,0,0,0,1,4.6454322728095576e-05
856,2.0,1,1,0,0,0,0,0,1,0,0.0003354700456839055
857,5.0,15,0,0,1,0,0,0,0,1,0.0003640123177319765
858,0.11,15,0,1,0,0,0,0,0,1,7.201372500276193e-05
859,0.11,3,0,1,0,0,0,0,0,1,0.002068412024527788
860,0.3,2,0,1,0,0,1,0,0,0,0.0016563949175179005
861,2.0,3,1,0,0,0,0,0,1,0,0.062252189964056015
862,15.0,5,0,0,0,1,0,0,0,1,0.06997581571340561
863,0.11,5,0,1,0,0,0,0,1,0,0.0010885823285207152
864,2.0,4500,1,0,0,0,0,0,1,0,0.00024220789782702923
865,2.0,15,1,0,0,0,0,0,0,1,0.002657239092513919
866,2.0,100,1,0,0,0,0,0,1,0,3.1695370125817135e-05
867,20.0,100,0,0,0,1,0,0,1,0,4.819833702640608e-05
868,2.0,60,1,0,0,0,0,0,0,1,0.001819472759962082
869,2.0,5,1,0,0,0,0,0,1,0,0.00043118649045936763
870,2.0,15,1,0,0,0,0,0,0,1,0.007973811589181423
871,0.3,310,0,1,0,0,0,1,0,0,0.9773169159889221
872,11.0,50,0,0,0,1,0,0,0,1,0.03067794069647789
873,2.0,11,1,0,0,0,0,0,0,1,0.00300730112940073
874,20.0,5,0,0,0,1,0,0,1,0,0.0005453634657897055
875,5.0,20,0,0,1,0,0,0,0,1,0.005553560331463814
876,5.0,3,0,0,1,0,0,0,1,0,0.9624968767166138
877,50.0,1,0,0,0,1,0,0,1,0,0.0005427684518508613
878,2.0,2,1,0,0,0,0,0,0,1,0.0037623958196491003
879,0.3,140,0,1,0,0,0,1,0,0,0.9760831594467163
880,0.11,50,0,1,0,0,0,0,0,1,0.002289130352437496
881,10.0,5,0,0,1,0,0,0,1,0,0.997968852519989
882,2.0,3,1,0,0,0,0,0,0,1,5.191014224692481e-06
883,2.0,20,1,0,0,0,0,0,0,1,0.009719008579850197
884,2.0,2,1,0,0,0,1,0,0,0,0.9667806625366211
885,2.0,1,1,0,0,0,0,0,1,0,0.0001547306019347161
886,20.0,7,0,0,0,1,0,0,0,1,6.900617881910875e-05
887,2.0,7,1,0,0,0,0,0,0,1,8.213576074922457e-05
888,2.0,1,1,0,0,0,0,0,1,0,0.00011827821435872465
889,50.0,1,0,0,0,1,0,0,1,0,6.60197765682824e-05
890,2.0,5,1,0,0,0,0,0,0,1,0.0004513902240432799
891,2.0,3,1,0,0,0,0,0,0,1,0.00016042277275118977
892,5.0,15,0,0,1,0,0,0,0,1,0.00039631404797546566
893,2.0,20,1,0,0,0,0,0,0,1,0.000896600482519716
894,2.0,15,1,0,0,0,0,0,0,1,0.00011697823356371373
895,500000.0,1,0,0,1,0,0,0,1,0,0.0010267660254612565
896,11.0,140,0,0,0,1,0,1,0,0,0.007474157493561506
897,30.0,5,0,0,0,1,0,0,1,0,1.9339709069754463e-06
898,300.0,100,0,0,0,1,0,0,1,0,3.229787034797482e-05
899,2.0,1,1,0,0,0,0,0,1,0,0.00016074538871180266
900,2.0,5,1,0,0,0,0,0,0,1,0.002340999897569418
901,2.0,100,1,0,0,0,0,0,1,0,0.00013414460408966988
902,10.0,5,0,0,1,0,0,0,0,1,0.004213694483041763
903,2.0,11,1,0,0,0,0,0,0,1,0.0019202004186809063
904,0.11,100,0,1,0,0,0,0,1,0,1.9274071746622212e-05
905,0.11,7,0,1,0,0,0,0,0,1,0.00011269643437117338
906,30.0,5,0,0,0,1,0,0,1,0,1.9309961771796225e-06
907,30.0,4500,0,0,0,1,0,0,1,0,0.0002982753503601998
908,20.0,4200000,0,0,0,1,0,0,1,0,0.005638220813125372
909,0.11,15,0,1,0,0,0,0,0,1,6.996377487666905e-05
910,15.0,310,0,0,0,1,0,1,0,0,0.006823505740612745
911,0.11,11,0,1,0,0,0,0,0,1,0.0052145374938845634
912,2.0,2,1,0,0,0,1,0,0,0,0.951187252998352
913,2.0,15,1,0,0,0,0,0,0,1,0.004806850105524063
914,2.0,140,1,0,0,0,0,1,0,0,0.015066046267747879
915,2.0,60,1,0,0,0,0,0,0,1,0.0018517193384468555
916,11.0,15,0,0,0,1,0,0,0,1,0.008814931847155094
917,5.0,5,0,0,1,0,0,0,1,0,0.0012811236083507538
918,10.0,60,0,0,1,0,0,0,0,1,0.024850713089108467
919,2.0,15,1,0,0,0,0,0,0,1,0.007835392840206623
920,20.0,60,0,0,0,1,0,0,0,1,0.0021660311613231897
921,2.0,15,1,0,0,0,0,0,0,1,0.00012834173685405403
922,20.0,15,0,0,0,1,0,0,0,1,0.0001733997487463057
923,5.0,1,0,0,1,0,0,0,1,0,0.0006077454308979213
924,50.0,1,0,0,0,1,0,0,1,0,6.673860480077565e-05
925,2.0,1,1,0,0,0,0,0,1,0,0.00011073211499024183
926,5.0,60,0,0,1,0,0,0,0,1,0.0009785532020032406
927,10.0,100,0,0,0,1,0,0,1,0,0.006534012500196695
928,2.0,35,1,0,0,0,0,0,0,1,0.0024920080322772264
929,10.0,140,0,0,1,0,0,1,0,0,0.017510000616312027
930,2.0,1,1,0,0,0,0,0,1,0,0.00011592973169172183
931,10.0,7,0,0,1,0,0,0,0,1,0.000158609269419685
932,40.0,1,0,0,0,1,0,0,1,0,0.0011220852611586452
933,0.11,4500,0,1,0,0,0,0,1,0,0.9642153382301331
934,0.3,20,0,1,0,0,0,0,0,1,0.002487212186679244
935,2.0,20,1,0,0,0,0,0,0,1,0.008675883524119854
936,60.0,15,0,0,0,1,0,0,0,1,0.17757992446422577
937,2.0,5,1,0,0,0,0,0,1,0,0.00028888037195429206
938,2.0,50,1,0,0,0,0,0,0,1,0.0010450059780851007
939,5.0,35,0,0,1,0,0,0,0,1,0.005753058008849621
940,70.0,30,0,0,0,1,0,0,0,1,0.0007940586656332016
941,11.0,5,0,0,0,1,0,0,1,0,0.0004510213911999017
942,30.0,140,0,0,0,1,0,1,0,0,0.00021608803945127875
943,10.0,5,0,0,1,0,0,0,1,0,0.9982340335845947
944,10.0,20,0,0,0,1,0,0,0,1,0.0004191913176327944
945,5.0,1,0,0,1,0,0,0,1,0,0.0009299554512836039
946,11.0,1,0,0,0,1,0,0,1,0,0.000384158396627754
947,2.0,3,1,0,0,0,0,0,0,1,0.00014293116691987962
948,70.0,7,0,0,0,1,0,0,0,1,0.0011814782628789544
949,0.3,3,0,1,0,0,0,0,1,0,0.031151456758379936
950,15.0,100,0,0,0,1,0,0,1,0,0.0024512456730008125
951,0.3,15,0,1,0,0,0,0,0,1,0.0025056814774870872
952,0.3,310,0,1,0,0,0,1,0,0,0.978542685508728
953,10.0,5,0,0,1,0,0,0,1,0,0.9979118704795837
954,60.0,3,0,0,0,1,0,0,1,0,0.0003492610703688115
955,15.0,140,0,0,0,1,0,1,0,0,0.006710244808346033
956,5.0,35,0,0,1,0,0,0,0,1,0.0053524477407336235
957,30.0,4500,0,0,0,1,0,0,1,0,0.00031505609513260424
958,2.0,50,1,0,0,0,0,0,0,1,0.0035048590507358313
959,10.0,5,0,0,0,1,0,0,1,0,1.4147634828987066e-05
960,2.0,100,1,0,0,0,0,0,1,0,9.129746467806399e-05
961,10.0,4200000,0,0,1,0,0,0,1,0,0.04982379078865051
962,40.0,100,0,0,0,1,0,0,1,0,0.00038546876749023795
963,10.0,60,0,0,0,1,0,0,0,1,0.0016941821668297052
964,2.0,5,1,0,0,0,0,0,1,0,0.0004254358063917607
965,10.0,7,0,0,1,0,0,0,0,1,0.00017283768102061003
966,11.0,30,0,0,0,1,0,0,0,1,0.008886314928531647
967,0.11,100,0,1,0,0,0,0,1,0,2.073017822112888e-05
968,40.0,30,0,0,0,1,0,0,0,1,0.0014044791460037231
969,50.0,4500,0,0,0,1,0,0,1,0,0.0004684301093220711
970,10.0,3,0,0,1,0,0,0,1,0,0.9162840247154236
971,10.0,100,0,0,0,1,0,0,1,0,0.0064504100009799
972,0.3,4200000,0,1,0,0,0,0,1,0,0.041982252150774
973,5.0,70,0,0,1,0,0,0,0,1,0.0041832709684967995
974,5.0,600,0,0,1,0,0,0,0,1,0.0009817740647122264
975,2.0,3,1,0,0,0,0,0,1,0,0.003854942275211215
976,5.0,5,0,0,1,0,0,0,0,1,0.001238634460605681
977,2.0,140,1,0,0,0,0,1,0,0,0.0017402132507413626
978,70.0,2,0,0,0,1,1,0,0,0,0.0009434017119929194
979,70.0,100,0,0,0,1,0,0,1,0,0.00011777221516240388
980,2.0,310,1,0,0,0,0,1,0,0,0.005140547174960375
981,0.3,3,0,1,0,0,0,0,0,1,0.0008851771126501262
982,2.0,3,1,0,0,0,0,0,1,0,0.003980668261647224
983,70.0,4200000,0,0,0,1,0,0,1,0,0.8598350286483765
984,50.0,60,0,0,0,1,0,0,0,1,0.0010718961711972952
985,2.0,4200000,1,0,0,0,0,0,1,0,0.010523181408643723
986,50.0,100,0,0,0,1,0,0,1,0,0.00370169710367918
987,70.0,4500,0,0,0,1,0,0,1,0,0.22041922807693481
988,2.0,1,1,0,0,0,0,0,1,0,0.0005288860411383212
989,2.0,15,1,0,0,0,0,0,0,1,0.002796795917674899
990,60.0,15,0,0,0,1,0,0,0,1,0.16641385853290558
991,0.3,70,0,1,0,0,0,0,0,1,0.0002738537441473454
992,2.0,2,1,0,0,0,1,0,0,0,0.22566291689872742
993,10.0,3,0,0,1,0,0,0,1,0,0.9013716578483582
994,2.0,2,1,0,0,0,1,0,0,0,0.004372342489659786
995,5.0,5,0,0,1,0,0,0,0,1,0.0002156395639758557
996,2.0,3,1,0,0,0,0,0,1,0,0.004231426864862442
997,30.0,70,0,0,0,1,0,0,0,1,0.026862861588597298
998,500000.0,2,0,0,1,0,0,0,0,1,0.0009534077835269272
999,10.0,20,0,0,1,0,0,0,0,1,0.008942563086748123
1000,20.0,100,0,0,0,1,0,0,1,0,4.819833702640608e-05
1001,15.0,100,0,0,0,1,0,0,1,0,0.002473561791703105
1002,2.0,15,1,0,0,0,0,0,0,1,0.0003544373612385243
1003,50.0,5,0,0,0,1,0,0,0,1,0.0023728490341454744
1004,500000.0,3,0,0,1,0,0,0,0,1,0.0005931567284278572
1005,2.0,50,1,0,0,0,0,0,0,1,0.0010838317684829235
1006,2.0,35,1,0,0,0,0,0,0,1,0.0012796293012797832
1007,10.0,4500,0,0,1,0,0,0,1,0,0.05322294309735298
1008,0.3,30,0,1,0,0,0,0,0,1,0.011790737509727478
1009,2.0,5,1,0,0,0,0,0,1,0,0.00020705582574009895
1010,500000.0,5,0,0,1,0,0,0,0,1,0.12241628021001816
1011,50.0,5,0,0,0,1,0,0,1,0,0.00015490951773244888
1012,10.0,2,0,0,1,0,1,0,0,0,0.05262785404920578
1013,20.0,15,0,0,0,1,0,0,0,1,0.00016189647431019694
1014,5.0,15,0,0,1,0,0,0,0,1,0.0015278173377737403
1015,0.11,5,0,1,0,0,0,0,1,0,0.0010620689718052745
1016,15.0,100,0,0,0,1,0,0,1,0,0.002473561791703105
1017,2.0,1,1,0,0,0,0,0,1,0,0.0005758963525295258
1018,500000.0,1,0,0,1,0,0,0,1,0,0.004941437393426895
1019,2.0,5,1,0,0,0,0,0,1,0,0.0002595449914224446
1020,0.11,140,0,1,0,0,0,1,0,0,0.3303087651729584
1021,5.0,15,0,0,1,0,0,0,0,1,0.0016230257460847497
1022,11.0,15,0,0,0,1,0,0,0,1,0.00630840752273798
1023,2.0,4500,1,0,0,0,0,0,1,0,0.00021796235523652285
1024,2.0,5,1,0,0,0,0,0,1,0,0.00027786559076048434
1025,2.0,100,1,0,0,0,0,0,1,0,9.164444054476917e-05
1026,10.0,15,0,0,1,0,0,0,0,1,1.4255331734602805e-05
1027,5.0,1,0,0,1,0,0,0,1,0,0.0005525805172510445
1028,30.0,1,0,0,0,1,0,0,1,0,2.623592081363313e-06
1029,5.0,20,0,0,1,0,0,0,0,1,0.005254595074802637
1030,300.0,50,0,0,0,1,0,0,0,1,0.003607342718169093
1031,2.0,310,1,0,0,0,0,1,0,0,0.007614083122462034
1032,2.0,11,1,0,0,0,0,0,0,1,0.031903743743896484
1033,40.0,3,0,0,0,1,0,0,0,1,0.00029994617216289043
1034,70.0,2,0,0,0,1,0,0,0,1,0.017695430666208267
1035,0.3,5,0,1,0,0,0,0,1,0,0.0008290747064165771
1036,20.0,70,0,0,0,1,0,0,0,1,0.0019161044619977474
1037,500000.0,35,0,0,1,0,0,0,0,1,0.007217802572995424
1038,2.0,11,1,0,0,0,0,0,0,1,0.0031658855732530355
1039,2.0,5,1,0,0,0,0,0,1,0,0.0015255068428814411
1040,20.0,30,0,0,0,1,0,0,0,1,0.07368091493844986
1041,300.0,5,0,0,0,1,0,0,1,0,0.001278869342058897
1042,500000.0,100,0,0,1,0,0,0,1,0,2.246228359581437e-05
1043,0.3,3,0,1,0,0,0,0,1,0,0.032724425196647644
1044,70.0,35,0,0,0,1,0,0,0,1,0.019109435379505157
1045,2.0,3,1,0,0,0,0,0,0,1,4.831232217838988e-06
1046,70.0,5,0,0,0,1,0,0,0,1,0.026173634454607964
1047,2.0,5,1,0,0,0,0,0,1,0,0.0004174363275524229
1048,2.0,2,1,0,0,0,1,0,0,0,0.15704303979873657
1049,40.0,4200000,0,0,0,1,0,0,1,0,0.01802866719663143
1050,11.0,15,0,0,0,1,0,0,0,1,0.003581022145226598
1051,2.0,100,1,0,0,0,0,0,1,0,9.129746467806399e-05
1052,60.0,5,0,0,0,1,0,0,0,1,0.003829533699899912
1053,2.0,5,1,0,0,0,0,0,1,0,0.0013977807248011231
1054,0.11,15,0,1,0,0,0,0,0,1,7.201379048638046e-05
1055,5.0,4200000,0,0,1,0,0,0,1,0,0.00251947483047843
1056,300.0,2,0,0,0,1,1,0,0,0,0.011820939369499683
1057,2.0,15,1,0,0,0,0,0,0,1,0.00011697823356371373
