,size1,size2,date_x,integer_x,string_x,time_x,date_y,integer_y,string_y,time_y,outputscore
0,3,3,0,0,1,0,0,0,1,0,0.40451884269714355
1,3,4,0,0,1,0,1,0,0,0,0.48228010535240173
2,3,15,0,0,1,0,0,0,1,0,0.4569070041179657
3,3,12,0,0,1,0,0,0,1,0,0.48289743065834045
4,3,8,0,0,1,0,0,0,0,1,0.48511967062950134
5,7,3,0,0,1,0,0,0,1,0,0.3850642144680023
6,7,4,0,0,1,0,1,0,0,0,0.4467126131057739
7,7,15,0,0,1,0,0,0,1,0,0.45078954100608826
8,7,12,0,0,1,0,0,0,1,0,0.4489969313144684
9,7,8,0,0,1,0,0,0,0,1,0.45031365752220154
10,20,3,0,0,1,0,0,0,1,0,0.41092604398727417
11,20,4,0,0,1,0,1,0,0,0,0.4915734827518463
12,20,15,0,0,1,0,0,0,1,0,0.4677862226963043
13,20,12,0,0,1,0,0,0,1,0,0.49390536546707153
14,20,8,0,0,1,0,0,0,0,1,0.4953024983406067
15,50,3,0,0,1,0,0,0,1,0,0.4065283536911011
16,50,7,0,0,1,0,0,0,1,0,0.34028366208076477
17,50,10,0,0,1,0,0,0,1,0,0.3891052305698395
18,50,4,0,0,1,0,1,0,0,0,0.3780830502510071
19,50,6,0,0,1,0,0,0,1,0,0.3841478228569031
20,50,8,0,0,1,0,0,0,0,1,0.3832785189151764
21,50,20,0,0,1,0,0,0,1,0,0.40893739461898804
22,15,3,0,0,1,0,0,0,1,0,0.41557374596595764
23,15,7,0,0,1,0,0,0,1,0,0.3538598120212555
24,15,10,0,0,1,0,0,0,1,0,0.4080297648906708
25,15,4,0,0,1,0,1,0,0,0,0.39213964343070984
26,15,6,0,0,1,0,0,0,1,0,0.39784207940101624
27,15,8,0,0,1,0,0,0,0,1,0.3953452408313751
28,15,20,0,0,1,0,0,0,1,0,0.41876256465911865
29,4,3,1,0,0,0,0,0,1,0,0.4047209918498993
30,4,7,1,0,0,0,0,0,1,0,0.3426421582698822
31,4,10,1,0,0,0,0,0,1,0,0.38910433650016785
32,4,4,1,0,0,0,1,0,0,0,0.3822823166847229
33,4,6,1,0,0,0,0,0,1,0,0.38542258739471436
34,4,8,1,0,0,0,0,0,0,1,0.3860448896884918
35,4,20,1,0,0,0,0,0,1,0,0.4088006913661957
36,1,3,0,0,1,0,0,0,1,0,0.4036184549331665
37,1,7,0,0,1,0,0,0,1,0,0.33825504779815674
38,1,10,0,0,1,0,0,0,1,0,0.39272451400756836
39,1,4,0,0,1,0,1,0,0,0,0.37784090638160706
40,1,6,0,0,1,0,0,0,1,0,0.38229310512542725
41,1,8,0,0,1,0,0,0,0,1,0.38183215260505676
42,1,20,0,0,1,0,0,0,1,0,0.4064948260784149
43,8,3,0,0,0,1,0,0,1,0,0.4092239737510681
44,8,7,0,0,0,1,0,0,1,0,0.3442196249961853
45,8,10,0,0,0,1,0,0,1,0,0.39023154973983765
46,8,4,0,0,0,1,1,0,0,0,0.38417088985443115
47,8,6,0,0,0,1,0,0,1,0,0.3875274956226349
48,8,8,0,0,0,1,0,0,0,1,0.38829317688941956
49,8,20,0,0,0,1,0,0,1,0,0.4122062921524048
50,36,3,0,1,0,0,0,0,1,0,0.4089580774307251
51,36,7,0,1,0,0,0,0,1,0,0.34302112460136414
52,36,10,0,1,0,0,0,0,1,0,0.39780616760253906
53,36,4,0,1,0,0,1,0,0,0,0.38550159335136414
54,36,6,0,1,0,0,0,0,1,0,0.3894275426864624
55,36,8,0,1,0,0,0,0,0,1,0.39057350158691406
56,36,20,0,1,0,0,0,0,1,0,0.41337621212005615
57,7,3,0,0,1,0,0,0,1,0,0.38606271147727966
58,7,4,0,0,1,0,1,0,0,0,0.44366177916526794
59,7,15,0,0,1,0,0,0,1,0,0.43555548787117004
60,7,12,0,0,1,0,0,0,1,0,0.4429576098918915
61,7,8,0,0,1,0,0,0,0,1,0.44671040773391724
62,3,3,0,0,1,0,0,0,1,0,0.42478036880493164
63,3,4,0,0,1,0,1,0,0,0,0.4854471981525421
64,3,15,0,0,1,0,0,0,1,0,0.4690845310688019
65,3,12,0,0,1,0,0,0,1,0,0.4806973934173584
66,3,8,0,0,1,0,0,0,0,1,0.48963674902915955
67,30,3,0,0,1,0,0,0,1,0,0.4189293682575226
68,30,4,0,0,1,0,1,0,0,0,0.48935598134994507
69,30,15,0,0,1,0,0,0,1,0,0.4609377980232239
70,30,12,0,0,1,0,0,0,1,0,0.48500150442123413
71,30,8,0,0,1,0,0,0,0,1,0.49248233437538147
72,40,3,0,0,1,0,0,0,1,0,0.4053972363471985
73,40,4,0,0,1,0,1,0,0,0,0.44197508692741394
74,40,15,0,0,1,0,0,0,1,0,0.5010834336280823
75,40,12,0,0,1,0,0,0,1,0,0.43857312202453613
76,40,8,0,0,1,0,0,0,0,1,0.44593894481658936
77,45,3,0,1,0,0,0,0,1,0,0.3811085820198059
78,45,4,0,1,0,0,1,0,0,0,0.45013427734375
79,45,15,0,1,0,0,0,0,1,0,0.4258102774620056
80,45,12,0,1,0,0,0,0,1,0,0.4464225471019745
81,45,8,0,1,0,0,0,0,0,1,0.45169687271118164
82,45,3,0,1,0,0,0,0,1,0,0.37043991684913635
83,45,4,0,1,0,0,1,0,0,0,0.43403348326683044
84,45,15,0,1,0,0,0,0,1,0,0.4202992022037506
85,45,12,0,1,0,0,0,0,1,0,0.4324241876602173
86,45,8,0,1,0,0,0,0,0,1,0.43582963943481445
87,35,3,0,1,0,0,0,0,1,0,0.38243046402931213
88,35,4,0,1,0,0,1,0,0,0,0.45384201407432556
89,35,15,0,1,0,0,0,0,1,0,0.42754605412483215
90,35,12,0,1,0,0,0,0,1,0,0.44986823201179504
91,35,8,0,1,0,0,0,0,0,1,0.4551166594028473
92,20,3,0,0,1,0,0,0,1,0,0.3884669244289398
93,20,4,0,0,1,0,1,0,0,0,0.45791158080101013
94,20,15,0,0,1,0,0,0,1,0,0.43323925137519836
95,20,12,0,0,1,0,0,0,1,0,0.45374366641044617
96,20,8,0,0,1,0,0,0,0,1,0.4571664333343506
97,30,3,0,1,0,0,0,0,1,0,0.3814750611782074
98,30,4,0,1,0,0,1,0,0,0,0.44599804282188416
99,30,15,0,1,0,0,0,0,1,0,0.4307606816291809
100,30,12,0,1,0,0,0,0,1,0,0.4451405704021454
101,30,8,0,1,0,0,0,0,0,1,0.44739314913749695
102,30,3,0,1,0,0,0,0,1,0,0.37108179926872253
103,30,4,0,1,0,0,1,0,0,0,0.43041571974754333
104,30,15,0,1,0,0,0,0,1,0,0.4221770167350769
105,30,12,0,1,0,0,0,0,1,0,0.4307240843772888
106,30,8,0,1,0,0,0,0,0,1,0.432329922914505
107,5,3,0,0,1,0,0,0,1,0,0.38809099793434143
108,5,4,0,0,1,0,1,0,0,0,0.45832914113998413
109,5,15,0,0,1,0,0,0,1,0,0.4510997533798218
110,5,12,0,0,1,0,0,0,1,0,0.4601929485797882
111,5,8,0,0,1,0,0,0,0,1,0.4635818600654602
112,5,3,0,0,1,0,0,0,1,0,0.37647545337677
113,5,4,0,0,1,0,1,0,0,0,0.44215425848960876
114,5,15,0,0,1,0,0,0,1,0,0.4376120865345001
115,5,12,0,0,1,0,0,0,1,0,0.44483593106269836
116,5,8,0,0,1,0,0,0,0,1,0.44640040397644043
117,4,3,0,0,1,0,0,0,1,0,0.39772364497184753
118,4,4,0,0,1,0,1,0,0,0,0.4687539041042328
119,4,15,0,0,1,0,0,0,1,0,0.4576975405216217
120,4,12,0,0,1,0,0,0,1,0,0.46777963638305664
121,4,8,0,0,1,0,0,0,0,1,0.47333717346191406
122,4,3,0,0,1,0,0,0,1,0,0.3845667839050293
123,4,4,0,0,1,0,1,0,0,0,0.44639652967453003
124,4,15,0,0,1,0,0,0,1,0,0.4459807872772217
125,4,12,0,0,1,0,0,0,1,0,0.4488195478916168
126,4,8,0,0,1,0,0,0,0,1,0.4511593282222748
127,2,3,0,0,1,0,0,0,1,0,0.3960557281970978
128,2,4,0,0,1,0,1,0,0,0,0.47803550958633423
129,2,15,0,0,1,0,0,0,1,0,0.44983726739883423
130,2,12,0,0,1,0,0,0,1,0,0.4779525399208069
131,2,8,0,0,1,0,0,0,0,1,0.4818151295185089
132,40,3,0,0,1,0,0,0,1,0,0.3955261707305908
133,40,4,0,0,1,0,1,0,0,0,0.4796622693538666
134,40,15,0,0,1,0,0,0,1,0,0.45061707496643066
135,40,12,0,0,1,0,0,0,1,0,0.4761659502983093
136,40,8,0,0,1,0,0,0,0,1,0.47997915744781494
137,3,3,0,1,0,0,0,0,1,0,0.38405224680900574
138,3,4,0,1,0,0,1,0,0,0,0.46313807368278503
139,3,15,0,1,0,0,0,0,1,0,0.4403618574142456
140,3,12,0,1,0,0,0,0,1,0,0.46294572949409485
141,3,8,0,1,0,0,0,0,0,1,0.4647950530052185
142,41,3,0,1,0,0,0,0,1,0,0.3765733540058136
143,41,4,0,1,0,0,1,0,0,0,0.4507848620414734
144,41,15,0,1,0,0,0,0,1,0,0.4435177743434906
145,41,12,0,1,0,0,0,0,1,0,0.4526654779911041
146,41,8,0,1,0,0,0,0,0,1,0.45607051253318787
147,45,3,0,1,0,0,0,0,1,0,0.38932380080223083
148,45,4,0,1,0,0,1,0,0,0,0.46589359641075134
149,45,15,0,1,0,0,0,0,1,0,0.4469107985496521
150,45,12,0,1,0,0,0,0,1,0,0.46587249636650085
151,45,8,0,1,0,0,0,0,0,1,0.46929654479026794
152,3,3,0,0,1,0,0,0,1,0,0.39748895168304443
153,3,4,0,0,1,0,1,0,0,0,0.47772595286369324
154,3,15,0,0,1,0,0,0,1,0,0.44772225618362427
155,3,12,0,0,1,0,0,0,1,0,0.4766245484352112
156,3,8,0,0,1,0,0,0,0,1,0.48146888613700867
157,25,650,0,0,1,0,0,0,1,0,0.4766952395439148
158,25,100,0,0,1,0,0,0,1,0,0.4743606448173523
159,25,30,0,0,1,0,0,0,1,0,0.4630678594112396
160,25,170,0,0,1,0,0,0,1,0,0.4679586589336395
161,25,4,0,0,1,0,0,0,1,0,0.4933009445667267
162,25,160,0,0,1,0,0,0,1,0,0.47567129135131836
163,25,70,0,0,1,0,0,0,1,0,0.5212656855583191
164,40,650,0,0,1,0,0,0,1,0,0.445658802986145
165,40,100,0,0,1,0,0,0,1,0,0.4458170533180237
166,40,30,0,0,1,0,0,0,1,0,0.5194794535636902
167,40,170,0,0,1,0,0,0,1,0,0.4426635801792145
168,40,4,0,0,1,0,0,0,1,0,0.4534754455089569
169,40,160,0,0,1,0,0,0,1,0,0.47455984354019165
170,40,70,0,0,1,0,0,0,1,0,0.4751882255077362
171,2,650,0,1,0,0,0,0,1,0,0.4777510166168213
172,2,100,0,1,0,0,0,0,1,0,0.4748877286911011
173,2,30,0,1,0,0,0,0,1,0,0.47000157833099365
174,2,170,0,1,0,0,0,0,1,0,0.47196415066719055
175,2,4,0,1,0,0,0,0,1,0,0.48906567692756653
176,2,160,0,1,0,0,0,0,1,0,0.4798661470413208
177,2,70,0,1,0,0,0,0,1,0,0.5234131217002869
178,7,650,0,0,1,0,0,0,1,0,0.4658965468406677
179,7,100,0,0,1,0,0,0,1,0,0.46482881903648376
180,7,30,0,0,1,0,0,0,1,0,0.4609189033508301
181,7,170,0,0,1,0,0,0,1,0,0.4549988806247711
182,7,4,0,0,1,0,0,0,1,0,0.47441205382347107
183,7,160,0,0,1,0,0,0,1,0,0.4754031002521515
184,7,70,0,0,1,0,0,0,1,0,0.5046844482421875
185,4,8,0,1,0,0,0,0,1,0,0.48114460706710815
186,4,25,0,1,0,0,0,0,1,0,0.48661008477211
187,4,40,0,1,0,0,0,0,1,0,0.4434076249599457
188,4,15,0,1,0,0,0,0,1,0,0.4567241668701172
189,4,2,0,1,0,0,0,1,0,0,0.4765772819519043
190,4,60,0,1,0,0,0,0,1,0,0.503785252571106
191,30,8,0,0,1,0,0,0,1,0,0.4770842492580414
192,30,25,0,0,1,0,0,0,1,0,0.4837672710418701
193,30,40,0,0,1,0,0,0,1,0,0.4416898190975189
194,30,15,0,0,1,0,0,0,1,0,0.4516858160495758
195,30,2,0,0,1,0,0,1,0,0,0.4726785719394684
196,30,60,0,0,1,0,0,0,1,0,0.5024810433387756
197,56,7,0,1,0,0,0,0,1,0,0.37381866574287415
198,56,4,0,1,0,0,0,1,0,0,0.41376468539237976
199,56,70,0,1,0,0,0,0,1,0,0.42275533080101013
200,56,50,0,1,0,0,0,0,1,0,0.42445191740989685
201,56,40,0,1,0,0,0,0,1,0,0.44357576966285706
202,56,30,0,1,0,0,0,0,1,0,0.447107195854187
203,7,7,0,0,1,0,0,0,1,0,0.3659200370311737
204,7,4,0,0,1,0,0,1,0,0,0.40383100509643555
205,7,70,0,0,1,0,0,0,1,0,0.4157746732234955
206,7,50,0,0,1,0,0,0,1,0,0.4185976982116699
207,7,40,0,0,1,0,0,0,1,0,0.43590715527534485
208,7,30,0,0,1,0,0,0,1,0,0.43819311261177063
209,13,7,0,0,1,0,0,0,1,0,0.3694937527179718
210,13,4,0,0,1,0,0,1,0,0,0.40447431802749634
211,13,70,0,0,1,0,0,0,1,0,0.41432857513427734
212,13,50,0,0,1,0,0,0,1,0,0.42040228843688965
213,13,40,0,0,1,0,0,0,1,0,0.43652281165122986
214,13,30,0,0,1,0,0,0,1,0,0.4410548210144043
215,16,7,0,0,1,0,0,0,1,0,0.3648984432220459
216,16,4,0,0,1,0,0,1,0,0,0.40229636430740356
217,16,70,0,0,1,0,0,0,1,0,0.41326215863227844
218,16,50,0,0,1,0,0,0,1,0,0.4161095917224884
219,16,40,0,0,1,0,0,0,1,0,0.43342235684394836
220,16,30,0,0,1,0,0,0,1,0,0.4356429874897003
221,30,7,0,0,1,0,0,0,1,0,0.382844477891922
222,30,4,0,0,1,0,0,1,0,0,0.40466591715812683
223,30,70,0,0,1,0,0,0,1,0,0.41145551204681396
224,30,50,0,0,1,0,0,0,1,0,0.4116886556148529
225,30,40,0,0,1,0,0,0,1,0,0.423427551984787
226,30,30,0,0,1,0,0,0,1,0,0.42461055517196655
227,25,7,0,0,1,0,0,0,1,0,0.383144736289978
228,25,4,0,0,1,0,0,1,0,0,0.40401652455329895
229,25,70,0,0,1,0,0,0,1,0,0.4114578068256378
230,25,50,0,0,1,0,0,0,1,0,0.41027578711509705
231,25,40,0,0,1,0,0,0,1,0,0.4226250946521759
232,25,30,0,0,1,0,0,0,1,0,0.42552173137664795
233,6,7,0,0,1,0,0,0,1,0,0.399111270904541
234,6,4,0,0,1,0,0,1,0,0,0.44530799984931946
235,6,70,0,0,1,0,0,0,1,0,0.4576590955257416
236,6,50,0,0,1,0,0,0,1,0,0.46046310663223267
237,6,40,0,0,1,0,0,0,1,0,0.47964054346084595
238,6,30,0,0,1,0,0,0,1,0,0.48551875352859497
239,70,7,0,0,1,0,0,0,1,0,0.3937426507472992
240,70,4,0,0,1,0,0,1,0,0,0.43591824173927307
241,70,70,0,0,1,0,0,0,1,0,0.45028814673423767
242,70,50,0,0,1,0,0,0,1,0,0.45381394028663635
243,70,40,0,0,1,0,0,0,1,0,0.4688244163990021
244,70,30,0,0,1,0,0,0,1,0,0.4729054272174835
245,40,30,0,1,0,0,0,1,0,0,0.3827144205570221
246,40,7,0,1,0,0,0,0,1,0,0.42824748158454895
247,40,2,0,1,0,0,0,0,1,0,0.37155836820602417
248,40,3,0,1,0,0,0,0,1,0,0.41685450077056885
249,40,4,0,1,0,0,0,1,0,0,0.4177226424217224
250,40,3,0,1,0,0,1,0,0,0,0.41908106207847595
251,40,20,0,1,0,0,0,0,1,0,0.41484615206718445
252,40,0,0,1,0,0,0,0,1,0,0.3998591899871826
253,40,4,0,1,0,0,0,0,1,0,0.41789722442626953
254,40,8,0,1,0,0,0,0,0,1,0.42226555943489075
255,40,15,0,1,0,0,0,0,1,0,0.45430660247802734
256,9,30,0,0,1,0,0,1,0,0,0.3729202151298523
257,9,7,0,0,1,0,0,0,1,0,0.4213219881057739
258,9,2,0,0,1,0,0,0,1,0,0.36316630244255066
259,9,3,0,0,1,0,0,0,1,0,0.4135727286338806
260,9,4,0,0,1,0,0,1,0,0,0.4099804162979126
261,9,3,0,0,1,0,1,0,0,0,0.4136550724506378
262,9,20,0,0,1,0,0,0,1,0,0.41440972685813904
263,9,0,0,0,1,0,0,0,1,0,0.39354926347732544
264,9,4,0,0,1,0,0,0,1,0,0.41741132736206055
265,9,8,0,0,1,0,0,0,0,1,0.4193105399608612
266,9,15,0,0,1,0,0,0,1,0,0.45204591751098633
267,2,30,0,0,1,0,0,1,0,0,0.4026015102863312
268,2,7,0,0,1,0,0,0,1,0,0.44886288046836853
269,2,2,0,0,1,0,0,0,1,0,0.39498329162597656
270,2,3,0,0,1,0,0,0,1,0,0.4459604322910309
271,2,4,0,0,1,0,0,1,0,0,0.44051191210746765
272,2,3,0,0,1,0,1,0,0,0,0.4483674466609955
273,2,20,0,0,1,0,0,0,1,0,0.4344388544559479
274,2,0,0,0,1,0,0,0,1,0,0.4260115325450897
275,2,4,0,0,1,0,0,0,1,0,0.45071855187416077
276,2,8,0,0,1,0,0,0,0,1,0.45314905047416687
277,2,15,0,0,1,0,0,0,1,0,0.4871959984302521
278,3,30,0,0,1,0,0,1,0,0,0.403902143239975
279,3,7,0,0,1,0,0,0,1,0,0.4477878510951996
280,3,2,0,0,1,0,0,0,1,0,0.3994814157485962
281,3,3,0,0,1,0,0,0,1,0,0.4499977231025696
282,3,4,0,0,1,0,0,1,0,0,0.4405563473701477
283,3,3,0,0,1,0,1,0,0,0,0.45348092913627625
284,3,20,0,0,1,0,0,0,1,0,0.4322085380554199
285,3,0,0,0,1,0,0,0,1,0,0.4265366792678833
286,3,4,0,0,1,0,0,0,1,0,0.4559825360774994
287,3,8,0,0,1,0,0,0,0,1,0.4557759761810303
288,3,15,0,0,1,0,0,0,1,0,0.48805853724479675
289,4,5,0,1,0,0,0,0,1,0,0.4277347922325134
290,4,60,0,1,0,0,0,0,1,0,0.43618467450141907
291,4,8,0,1,0,0,0,0,0,1,0.4241955280303955
292,4,15,0,1,0,0,0,0,1,0,0.41210001707077026
293,4,8,0,1,0,0,0,0,1,0,0.4254448711872101
294,12,5,0,0,1,0,0,0,1,0,0.43008309602737427
295,12,60,0,0,1,0,0,0,1,0,0.42978283762931824
296,12,8,0,0,1,0,0,0,0,1,0.4220559597015381
297,12,15,0,0,1,0,0,0,1,0,0.41176360845565796
298,12,8,0,0,1,0,0,0,1,0,0.4233247637748718
299,8,5,0,0,0,1,0,0,1,0,0.42480018734931946
300,8,60,0,0,0,1,0,0,1,0,0.42841973900794983
301,8,8,0,0,0,1,0,0,0,1,0.4220384359359741
302,8,15,0,0,0,1,0,0,1,0,0.41026225686073303
303,8,8,0,0,0,1,0,0,1,0,0.41995689272880554
304,60,5,0,0,1,0,0,0,1,0,0.42360198497772217
305,60,60,0,0,1,0,0,0,1,0,0.4275863468647003
306,60,8,0,0,1,0,0,0,0,1,0.41875889897346497
307,60,15,0,0,1,0,0,0,1,0,0.41327521204948425
308,60,8,0,0,1,0,0,0,1,0,0.41662609577178955
309,3,8,0,0,1,0,0,0,1,0,0.38431262969970703
310,3,300,0,0,1,0,0,0,1,0,0.3870839774608612
311,3,150,0,0,1,0,0,0,1,0,0.3843514919281006
312,3,40,0,0,1,0,0,0,1,0,0.4263322949409485
313,4,8,0,0,1,0,0,0,1,0,0.40431588888168335
314,4,300,0,0,1,0,0,0,1,0,0.40778636932373047
315,4,150,0,0,1,0,0,0,1,0,0.4066151976585388
316,4,40,0,0,1,0,0,0,1,0,0.443681001663208
317,4,8,0,1,0,0,0,0,1,0,0.4214157462120056
318,4,300,0,1,0,0,0,0,1,0,0.4280966520309448
319,4,150,0,1,0,0,0,0,1,0,0.42517557740211487
320,4,40,0,1,0,0,0,0,1,0,0.46932926774024963
321,2,8,0,1,0,0,0,0,1,0,0.4201211929321289
322,2,300,0,1,0,0,0,0,1,0,0.42750540375709534
323,2,150,0,1,0,0,0,0,1,0,0.42557603120803833
324,2,40,0,1,0,0,0,0,1,0,0.4694797098636627
325,15,3,0,0,1,0,0,0,1,0,0.4152313470840454
326,15,4,0,0,1,0,0,0,1,0,0.4003010094165802
327,15,4,0,0,1,0,0,1,0,0,0.42111337184906006
328,15,4000,0,0,1,0,0,0,1,0,0.41308504343032837
329,15,2,0,0,1,0,0,1,0,0,0.42502155900001526
330,15,50,0,0,1,0,0,0,1,0,0.4210384488105774
331,15,150,0,0,1,0,0,0,1,0,0.4224129915237427
332,15,8,0,0,1,0,0,0,1,0,0.4458126127719879
333,15,300,0,0,1,0,0,0,1,0,0.44517186284065247
334,15,150,0,0,1,0,0,0,1,0,0.45681557059288025
335,15,40,0,0,1,0,0,0,1,0,0.4688124358654022
336,9,15,0,0,1,0,0,0,1,0,0.34330815076828003
337,9,4,0,0,1,0,0,0,1,0,0.34621843695640564
338,9,4,0,0,1,0,0,0,1,0,0.3320082128047943
339,9,5,0,0,1,0,0,0,1,0,0.35145094990730286
340,9,5,0,0,1,0,0,0,1,0,0.3390911817550659
341,9,3,0,0,1,0,1,0,0,0,0.34340474009513855
342,9,2,0,0,1,0,0,0,1,0,0.34449872374534607
343,9,40,0,0,1,0,0,0,1,0,0.34042996168136597
344,9,3,0,0,1,0,0,1,0,0,0.343625545501709
345,9,3,0,0,1,0,0,1,0,0,0.32884952425956726
346,9,41,0,0,1,0,0,1,0,0,0.3494270443916321
347,9,41,0,0,1,0,0,1,0,0,0.3342527151107788
348,9,15,0,0,1,0,0,0,1,0,0.3619697690010071
349,9,45,0,0,1,0,0,1,0,0,0.33903610706329346
350,9,45,0,0,1,0,0,1,0,0,0.3272588551044464
351,9,3,0,0,1,0,0,0,1,0,0.34948280453681946
352,9,3,0,0,1,0,0,0,1,0,0.3432011902332306
353,9,1,0,0,1,0,0,0,1,0,0.3461475968360901
354,9,8,0,0,1,0,0,0,0,1,0.34876036643981934
355,9,20,0,0,1,0,0,0,1,0,0.37328100204467773
356,8,15,0,0,0,1,0,0,1,0,0.363492876291275
357,8,4,0,0,0,1,0,0,1,0,0.36265596747398376
358,8,4,0,0,0,1,0,0,1,0,0.3449084460735321
359,8,5,0,0,0,1,0,0,1,0,0.3703475892543793
360,8,5,0,0,0,1,0,0,1,0,0.3531198799610138
361,8,3,0,0,0,1,1,0,0,0,0.36713945865631104
362,8,2,0,0,0,1,0,0,1,0,0.3653658926486969
363,8,40,0,0,0,1,0,0,1,0,0.35904353857040405
364,8,3,0,0,0,1,0,1,0,0,0.3657166063785553
365,8,3,0,0,0,1,0,1,0,0,0.3474608361721039
366,8,41,0,0,0,1,0,1,0,0,0.37270545959472656
367,8,41,0,0,0,1,0,1,0,0,0.3526538014411926
368,8,15,0,0,0,1,0,0,1,0,0.37151509523391724
369,8,45,0,0,0,1,0,1,0,0,0.3628927767276764
370,8,45,0,0,0,1,0,1,0,0,0.3449810743331909
371,8,3,0,0,0,1,0,0,1,0,0.36655619740486145
372,8,3,0,0,0,1,0,0,1,0,0.36635223031044006
373,8,1,0,0,0,1,0,0,1,0,0.3673150837421417
374,8,8,0,0,0,1,0,0,0,1,0.37111255526542664
375,8,20,0,0,0,1,0,0,1,0,0.39477112889289856
376,10,3,0,0,1,0,0,0,1,0,0.43036943674087524
377,10,4,0,0,1,0,1,0,0,0,0.4799811840057373
378,10,15,0,0,1,0,0,0,1,0,0.5454805493354797
379,10,12,0,0,1,0,0,0,1,0,0.47740042209625244
380,10,8,0,0,1,0,0,0,0,1,0.4845820665359497
381,4,3,1,0,0,0,0,0,1,0,0.41673073172569275
382,4,4,1,0,0,0,1,0,0,0,0.504824161529541
383,4,15,1,0,0,0,0,0,1,0,0.4668225646018982
384,4,12,1,0,0,0,0,0,1,0,0.5039345026016235
385,4,8,1,0,0,0,0,0,0,1,0.5075547099113464
386,6,3,0,0,1,0,0,0,1,0,0.41126349568367004
387,6,4,0,0,1,0,1,0,0,0,0.5009886026382446
388,6,15,0,0,1,0,0,0,1,0,0.4658104479312897
389,6,12,0,0,1,0,0,0,1,0,0.5008248090744019
390,6,8,0,0,1,0,0,0,0,1,0.5029332041740417
391,8,3,0,0,0,1,0,0,1,0,0.4144946336746216
392,8,4,0,0,0,1,1,0,0,0,0.500446081161499
393,8,15,0,0,0,1,0,0,1,0,0.46924424171447754
394,8,12,0,0,0,1,0,0,1,0,0.5020294785499573
395,8,8,0,0,0,1,0,0,0,1,0.5059242844581604
396,3,3,1,0,0,0,0,0,1,0,0.4303688704967499
397,3,4,1,0,0,0,1,0,0,0,0.5044980049133301
398,3,15,1,0,0,0,0,0,1,0,0.46451452374458313
399,3,12,1,0,0,0,0,0,1,0,0.4986226558685303
400,3,8,1,0,0,0,0,0,0,1,0.5069814324378967
401,8,3,0,0,0,1,0,0,1,0,0.4308112859725952
402,8,4,0,0,0,1,1,0,0,0,0.5085952281951904
403,8,15,0,0,0,1,0,0,1,0,0.46699053049087524
404,8,12,0,0,0,1,0,0,1,0,0.5042201280593872
405,8,8,0,0,0,1,0,0,0,1,0.5138018727302551
406,8,3,0,0,0,1,0,0,1,0,0.42808377742767334
407,8,4,0,0,0,1,1,0,0,0,0.5028847455978394
408,8,15,0,0,0,1,0,0,1,0,0.46405211091041565
409,8,12,0,0,0,1,0,0,1,0,0.4989437758922577
410,8,8,0,0,0,1,0,0,0,1,0.5082058310508728
411,3,3,1,0,0,0,0,0,1,0,0.40691033005714417
412,3,4,1,0,0,0,1,0,0,0,0.4965208172798157
413,3,15,1,0,0,0,0,0,1,0,0.45392999053001404
414,3,12,1,0,0,0,0,0,1,0,0.4946126639842987
415,3,8,1,0,0,0,0,0,0,1,0.4975109100341797
416,15,3,0,0,1,0,0,0,1,0,0.4161715805530548
417,15,4,0,0,1,0,1,0,0,0,0.4673594832420349
418,15,15,0,0,1,0,0,0,1,0,0.5267771482467651
419,15,12,0,0,1,0,0,0,1,0,0.46543747186660767
420,15,8,0,0,1,0,0,0,0,1,0.4725453555583954
421,3,3,0,0,1,0,0,0,1,0,0.4006788730621338
422,3,4,0,0,1,0,1,0,0,0,0.49096423387527466
423,3,15,0,0,1,0,0,0,1,0,0.45087453722953796
424,3,12,0,0,1,0,0,0,1,0,0.48923835158348083
425,3,8,0,0,1,0,0,0,0,1,0.4928848147392273
426,8,3,0,0,0,1,0,0,1,0,0.4029565751552582
427,8,4,0,0,0,1,1,0,0,0,0.49120497703552246
428,8,15,0,0,0,1,0,0,1,0,0.4551602602005005
429,8,12,0,0,0,1,0,0,1,0,0.49125850200653076
430,8,8,0,0,0,1,0,0,0,1,0.49583569169044495
431,8,650,0,0,1,0,0,0,1,0,0.48122358322143555
432,8,100,0,0,1,0,0,0,1,0,0.48121675848960876
433,8,30,0,0,1,0,0,0,1,0,0.46659159660339355
434,8,170,0,0,1,0,0,0,1,0,0.47097644209861755
435,8,4,0,0,1,0,0,0,1,0,0.5026438236236572
436,8,160,0,0,1,0,0,0,1,0,0.48330017924308777
437,8,70,0,0,1,0,0,0,1,0,0.5265397429466248
438,15,650,0,0,1,0,0,0,1,0,0.4519016146659851
439,15,100,0,0,1,0,0,0,1,0,0.44984447956085205
440,15,30,0,0,1,0,0,0,1,0,0.5271461009979248
441,15,170,0,0,1,0,0,0,1,0,0.448516309261322
442,15,4,0,0,1,0,0,0,1,0,0.4569312036037445
443,15,160,0,0,1,0,0,0,1,0,0.47759684920310974
444,15,70,0,0,1,0,0,0,1,0,0.48133721947669983
445,60,650,0,0,1,0,0,0,1,0,0.48560822010040283
446,60,100,0,0,1,0,0,0,1,0,0.48228609561920166
447,60,30,0,0,1,0,0,0,1,0,0.4682711660861969
448,60,170,0,0,1,0,0,0,1,0,0.4744037389755249
449,60,4,0,0,1,0,0,0,1,0,0.49651941657066345
450,60,160,0,0,1,0,0,0,1,0,0.48285654187202454
451,60,70,0,0,1,0,0,0,1,0,0.5364992022514343
452,7,650,0,0,1,0,0,0,1,0,0.46680402755737305
453,7,100,0,0,1,0,0,0,1,0,0.4700886011123657
454,7,30,0,0,1,0,0,0,1,0,0.4501149356365204
455,7,170,0,0,1,0,0,0,1,0,0.45897945761680603
456,7,4,0,0,1,0,0,0,1,0,0.487089604139328
457,7,160,0,0,1,0,0,0,1,0,0.4774741530418396
458,7,70,0,0,1,0,0,0,1,0,0.5153897404670715
459,550,650,0,0,1,0,0,0,1,0,0.4682311415672302
460,550,100,0,0,1,0,0,0,1,0,0.475517600774765
461,550,30,0,0,1,0,0,0,1,0,0.45809605717658997
462,550,170,0,0,1,0,0,0,1,0,0.46603938937187195
463,550,4,0,0,1,0,0,0,1,0,0.4827318489551544
464,550,160,0,0,1,0,0,0,1,0,0.4872277081012726
465,550,70,0,0,1,0,0,0,1,0,0.513431191444397
466,30,650,0,0,1,0,0,0,1,0,0.4836134910583496
467,30,100,0,0,1,0,0,0,1,0,0.4863164722919464
468,30,30,0,0,1,0,0,0,1,0,0.48003140091896057
469,30,170,0,0,1,0,0,0,1,0,0.47613877058029175
470,30,4,0,0,1,0,0,0,1,0,0.49102768301963806
471,30,160,0,0,1,0,0,0,1,0,0.5086159706115723
472,30,70,0,0,1,0,0,0,1,0,0.5180736184120178
473,50,650,0,0,1,0,0,0,1,0,0.4717939794063568
474,50,100,0,0,1,0,0,0,1,0,0.47204849123954773
475,50,30,0,0,1,0,0,0,1,0,0.45282891392707825
476,50,170,0,0,1,0,0,0,1,0,0.4637220799922943
477,50,4,0,0,1,0,0,0,1,0,0.4811522960662842
478,50,160,0,0,1,0,0,0,1,0,0.47982844710350037
479,50,70,0,0,1,0,0,0,1,0,0.5231687426567078
480,50,8,0,0,1,0,0,0,1,0,0.48939549922943115
481,50,25,0,0,1,0,0,0,1,0,0.49512892961502075
482,50,40,0,0,1,0,0,0,1,0,0.44979360699653625
483,50,15,0,0,1,0,0,0,1,0,0.46533235907554626
484,50,2,0,0,1,0,0,1,0,0,0.4831317961215973
485,50,60,0,0,1,0,0,0,1,0,0.5129696726799011
486,40,8,0,0,1,0,0,0,1,0,0.48273056745529175
487,40,25,0,0,1,0,0,0,1,0,0.4898090362548828
488,40,40,0,0,1,0,0,0,1,0,0.442819744348526
489,40,15,0,0,1,0,0,0,1,0,0.45927634835243225
490,40,2,0,0,1,0,0,1,0,0,0.4783899784088135
491,40,60,0,0,1,0,0,0,1,0,0.5121327638626099
492,10,15,0,0,1,0,0,0,1,0,0.42520883679389954
493,10,4,0,0,1,0,0,0,1,0,0.4288881719112396
494,10,4,0,0,1,0,0,0,1,0,0.4083928167819977
495,10,5,0,0,1,0,0,0,1,0,0.4294412434101105
496,10,5,0,0,1,0,0,0,1,0,0.4120481610298157
497,10,3,0,0,1,0,1,0,0,0,0.4247440695762634
498,10,2,0,0,1,0,0,0,1,0,0.4286612868309021
499,10,40,0,0,1,0,0,0,1,0,0.41810622811317444
500,10,3,0,0,1,0,0,1,0,0,0.42851537466049194
501,10,3,0,0,1,0,0,1,0,0,0.4074876606464386
502,10,41,0,0,1,0,0,1,0,0,0.43072107434272766
503,10,41,0,0,1,0,0,1,0,0,0.4092898964881897
504,10,15,0,0,1,0,0,0,1,0,0.432904988527298
505,10,45,0,0,1,0,0,1,0,0,0.4209536910057068
506,10,45,0,0,1,0,0,1,0,0,0.4031708240509033
507,10,3,0,0,1,0,0,0,1,0,0.4296962320804596
508,10,3,0,0,1,0,0,0,1,0,0.4274885952472687
509,10,1,0,0,1,0,0,0,1,0,0.42664211988449097
510,10,8,0,0,1,0,0,0,0,1,0.4290704131126404
511,10,20,0,0,1,0,0,0,1,0,0.45528101921081543
512,10,6,0,0,1,0,0,0,1,0,0.4129556715488434
513,10,60,0,0,1,0,0,1,0,0,0.4211786687374115
514,10,4,0,0,1,0,0,1,0,0,0.4535859525203705
515,10,3,0,0,1,0,1,0,0,0,0.4503391981124878
516,10,20,0,0,1,0,0,0,1,0,0.44975027441978455
517,10,5,0,0,1,0,0,0,1,0,0.44785937666893005
518,10,5,0,0,1,0,0,0,1,0,0.4296724200248718
519,10,7,0,0,1,0,0,0,1,0,0.4538447856903076
520,10,3,0,0,1,0,0,0,1,0,0.44856488704681396
521,10,8,0,0,1,0,0,0,0,1,0.4537671208381653
522,10,3,0,0,1,0,0,0,1,0,0.45057082176208496
523,10,20,0,0,1,0,0,0,1,0,0.4851892292499542
524,12,15,0,0,1,0,0,0,1,0,0.4220193922519684
525,12,4,0,0,1,0,0,0,1,0,0.4225541055202484
526,12,4,0,0,1,0,0,0,1,0,0.40290945768356323
527,12,5,0,0,1,0,0,0,1,0,0.4295053482055664
528,12,5,0,0,1,0,0,0,1,0,0.41171950101852417
529,12,3,0,0,1,0,1,0,0,0,0.4264136552810669
530,12,2,0,0,1,0,0,0,1,0,0.4250357747077942
531,12,40,0,0,1,0,0,0,1,0,0.414254754781723
532,12,3,0,0,1,0,0,1,0,0,0.42878326773643494
533,12,3,0,0,1,0,0,1,0,0,0.40677300095558167
534,12,41,0,0,1,0,0,1,0,0,0.42650485038757324
535,12,41,0,0,1,0,0,1,0,0,0.40553340315818787
536,12,15,0,0,1,0,0,0,1,0,0.42717573046684265
537,12,45,0,0,1,0,0,1,0,0,0.42162826657295227
538,12,45,0,0,1,0,0,1,0,0,0.4013384282588959
539,12,3,0,0,1,0,0,0,1,0,0.42397812008857727
540,12,3,0,0,1,0,0,0,1,0,0.42756888270378113
541,12,1,0,0,1,0,0,0,1,0,0.42344462871551514
542,12,8,0,0,1,0,0,0,0,1,0.4278814494609833
543,12,20,0,0,1,0,0,0,1,0,0.4485261142253876
544,12,6,0,0,1,0,0,0,1,0,0.41357868909835815
545,12,60,0,0,1,0,0,1,0,0,0.42354103922843933
546,12,4,0,0,1,0,0,1,0,0,0.4554263949394226
547,12,3,0,0,1,0,1,0,0,0,0.45522749423980713
548,12,20,0,0,1,0,0,0,1,0,0.44941404461860657
549,12,5,0,0,1,0,0,0,1,0,0.4478696882724762
550,12,5,0,0,1,0,0,0,1,0,0.4286485016345978
551,12,7,0,0,1,0,0,0,1,0,0.4609660506248474
552,12,3,0,0,1,0,0,0,1,0,0.4516754746437073
553,12,8,0,0,1,0,0,0,0,1,0.45821690559387207
554,12,3,0,0,1,0,0,0,1,0,0.45197317004203796
555,12,20,0,0,1,0,0,0,1,0,0.4861123561859131
556,60,7,0,0,1,0,0,0,1,0,0.4037957191467285
557,60,4,0,0,1,0,0,1,0,0,0.4496873915195465
558,60,70,0,0,1,0,0,0,1,0,0.4639030694961548
559,60,50,0,0,1,0,0,0,1,0,0.46969088912010193
560,60,40,0,0,1,0,0,0,1,0,0.48495230078697205
561,60,30,0,0,1,0,0,0,1,0,0.4911751449108124
562,100,7,0,0,1,0,0,0,1,0,0.415889173746109
563,100,4,0,0,1,0,0,1,0,0,0.46454310417175293
564,100,70,0,0,1,0,0,0,1,0,0.4725388288497925
565,100,50,0,0,1,0,0,0,1,0,0.47977814078330994
566,100,40,0,0,1,0,0,0,1,0,0.49311959743499756
567,100,30,0,0,1,0,0,0,1,0,0.5014455914497375
568,40,7,0,0,1,0,0,0,1,0,0.39866527915000916
569,40,4,0,0,1,0,0,1,0,0,0.4472278952598572
570,40,70,0,0,1,0,0,0,1,0,0.4575633108615875
571,40,50,0,0,1,0,0,0,1,0,0.46017780900001526
572,40,40,0,0,1,0,0,0,1,0,0.4828895032405853
573,40,30,0,0,1,0,0,0,1,0,0.4817693829536438
574,10,30,0,0,1,0,0,1,0,0,0.427136093378067
575,10,7,0,0,1,0,0,0,1,0,0.48200783133506775
576,10,2,0,0,1,0,0,0,1,0,0.4231449365615845
577,10,3,0,0,1,0,0,0,1,0,0.48185834288597107
578,10,4,0,0,1,0,0,1,0,0,0.4716779887676239
579,10,3,0,0,1,0,1,0,0,0,0.48336172103881836
580,10,20,0,0,1,0,0,0,1,0,0.46040791273117065
581,10,0,0,0,1,0,0,0,1,0,0.4575516879558563
582,10,4,0,0,1,0,0,0,1,0,0.4816298186779022
583,10,8,0,0,1,0,0,0,0,1,0.4865978956222534
584,10,15,0,0,1,0,0,0,1,0,0.5054376125335693
585,3,30,1,0,0,0,0,1,0,0,0.4110654294490814
586,3,7,1,0,0,0,0,0,1,0,0.45430323481559753
587,3,2,1,0,0,0,0,0,1,0,0.4041535258293152
588,3,3,1,0,0,0,0,0,1,0,0.4593071937561035
589,3,4,1,0,0,0,0,1,0,0,0.4491023123264313
590,3,3,1,0,0,0,1,0,0,0,0.4673556685447693
591,3,20,1,0,0,0,0,0,1,0,0.43360453844070435
592,3,0,1,0,0,0,0,0,1,0,0.4361230134963989
593,3,4,1,0,0,0,0,0,1,0,0.46459144353866577
594,3,8,1,0,0,0,0,0,0,1,0.4677213132381439
595,3,15,1,0,0,0,0,0,1,0,0.491904616355896
596,5,30,0,0,1,0,0,1,0,0,0.40762755274772644
597,5,7,0,0,1,0,0,0,1,0,0.45124274492263794
598,5,2,0,0,1,0,0,0,1,0,0.4019279181957245
599,5,3,0,0,1,0,0,0,1,0,0.4570944607257843
600,5,4,0,0,1,0,0,1,0,0,0.4446008801460266
601,5,3,0,0,1,0,1,0,0,0,0.4605947434902191
602,5,20,0,0,1,0,0,0,1,0,0.4331061542034149
603,5,0,0,0,1,0,0,0,1,0,0.43446844816207886
604,5,4,0,0,1,0,0,0,1,0,0.4643855392932892
605,5,8,0,0,1,0,0,0,0,1,0.46468523144721985
606,5,15,0,0,1,0,0,0,1,0,0.49185067415237427
607,8,30,0,0,0,1,0,1,0,0,0.41109341382980347
608,8,7,0,0,0,1,0,0,1,0,0.4575679302215576
609,8,2,0,0,0,1,0,0,1,0,0.4078180491924286
610,8,3,0,0,0,1,0,0,1,0,0.45979732275009155
611,8,4,0,0,0,1,0,1,0,0,0.451128751039505
612,8,3,0,0,0,1,1,0,0,0,0.4663909375667572
613,8,20,0,0,0,1,0,0,1,0,0.4362204968929291
614,8,0,0,0,0,1,0,0,1,0,0.4367252588272095
615,8,4,0,0,0,1,0,0,1,0,0.46322524547576904
616,8,8,0,0,0,1,0,0,0,1,0.46915262937545776
617,8,15,0,0,0,1,0,0,1,0,0.4997459352016449
618,8,30,0,0,0,1,0,1,0,0,0.41001567244529724
619,8,7,0,0,0,1,0,0,1,0,0.45652517676353455
620,8,2,0,0,0,1,0,0,1,0,0.4071846604347229
621,8,3,0,0,0,1,0,0,1,0,0.457903116941452
622,8,4,0,0,0,1,0,1,0,0,0.449702650308609
623,8,3,0,0,0,1,1,0,0,0,0.4639472961425781
624,8,20,0,0,0,1,0,0,1,0,0.43397656083106995
625,8,0,0,0,0,1,0,0,1,0,0.43641000986099243
626,8,4,0,0,0,1,0,0,1,0,0.4637698829174042
627,8,8,0,0,0,1,0,0,0,1,0.4682575464248657
628,8,15,0,0,0,1,0,0,1,0,0.49954769015312195
629,40,30,0,0,1,0,0,1,0,0,0.4074029326438904
630,40,7,0,0,1,0,0,0,1,0,0.4474065601825714
631,40,2,0,0,1,0,0,0,1,0,0.397805780172348
632,40,3,0,0,1,0,0,0,1,0,0.4439241290092468
633,40,4,0,0,1,0,0,1,0,0,0.44285646080970764
634,40,3,0,0,1,0,1,0,0,0,0.45112642645835876
635,40,20,0,0,1,0,0,0,1,0,0.425091028213501
636,40,0,0,0,1,0,0,0,1,0,0.4297003149986267
637,40,4,0,0,1,0,0,0,1,0,0.45004594326019287
638,40,8,0,0,1,0,0,0,0,1,0.4533964991569519
639,40,15,0,0,1,0,0,0,1,0,0.5005620121955872
640,60,8,0,0,1,0,0,0,1,0,0.5296106934547424
641,60,25,0,0,1,0,0,0,1,0,0.5360578298568726
642,60,40,0,0,1,0,0,0,1,0,0.47878262400627136
643,60,15,0,0,1,0,0,0,1,0,0.4967520833015442
644,60,2,0,0,1,0,0,1,0,0,0.5258575677871704
645,60,60,0,0,1,0,0,0,1,0,0.550391674041748
646,45,8,0,0,1,0,0,0,1,0,0.5397515296936035
647,45,25,0,0,1,0,0,0,1,0,0.5477232933044434
648,45,40,0,0,1,0,0,0,1,0,0.4915829598903656
649,45,15,0,0,1,0,0,0,1,0,0.5074511766433716
650,45,2,0,0,1,0,0,1,0,0,0.5331853032112122
651,45,60,0,0,1,0,0,0,1,0,0.5549602508544922
652,5,8,0,0,1,0,0,0,1,0,0.5450770258903503
653,5,25,0,0,1,0,0,0,1,0,0.5442497134208679
654,5,40,0,0,1,0,0,0,1,0,0.4933892786502838
655,5,15,0,0,1,0,0,0,1,0,0.5104212760925293
656,5,2,0,0,1,0,0,1,0,0,0.5361772179603577
657,5,60,0,0,1,0,0,0,1,0,0.5526171326637268
658,8,5,0,0,1,0,0,0,1,0,0.4410557150840759
659,8,60,0,0,1,0,0,0,1,0,0.44036975502967834
660,8,8,0,0,1,0,0,0,0,1,0.4271221160888672
661,8,15,0,0,1,0,0,0,1,0,0.4239630401134491
662,8,8,0,0,1,0,0,0,1,0,0.42943671345710754
663,50,5,0,0,1,0,0,0,1,0,0.43892163038253784
664,50,60,0,0,1,0,0,0,1,0,0.4492649435997009
665,50,8,0,0,1,0,0,0,0,1,0.438061386346817
666,50,15,0,0,1,0,0,0,1,0,0.4198961555957794
667,50,8,0,0,1,0,0,0,1,0,0.43916815519332886
668,50,8,0,0,1,0,0,0,1,0,0.43183067440986633
669,50,300,0,0,1,0,0,0,1,0,0.4374329149723053
670,50,150,0,0,1,0,0,0,1,0,0.43453577160835266
671,50,40,0,0,1,0,0,0,1,0,0.48154422640800476
672,10,3,0,0,1,0,0,0,1,0,0.4074847400188446
673,10,4,0,0,1,0,0,0,1,0,0.3960871994495392
674,10,4,0,0,1,0,0,1,0,0,0.43391159176826477
675,10,4000,0,0,1,0,0,0,1,0,0.4249759316444397
676,10,2,0,0,1,0,0,1,0,0,0.4377155005931854
677,10,50,0,0,1,0,0,0,1,0,0.4391086995601654
678,10,150,0,0,1,0,0,0,1,0,0.4364328682422638
679,10,8,0,0,1,0,0,0,1,0,0.45634567737579346
680,10,300,0,0,1,0,0,0,1,0,0.45951154828071594
681,10,150,0,0,1,0,0,0,1,0,0.4655514359474182
682,10,40,0,0,1,0,0,0,1,0,0.5013023614883423
683,50,15,0,0,1,0,0,0,1,0,0.3799271285533905
684,50,4,0,0,1,0,0,0,1,0,0.3753849267959595
685,50,4,0,0,1,0,0,0,1,0,0.35661792755126953
686,50,5,0,0,1,0,0,0,1,0,0.3770568370819092
687,50,5,0,0,1,0,0,0,1,0,0.35940566658973694
688,50,3,0,0,1,0,1,0,0,0,0.3804731070995331
689,50,2,0,0,1,0,0,0,1,0,0.38163527846336365
690,50,40,0,0,1,0,0,0,1,0,0.3739306330680847
691,50,3,0,0,1,0,0,1,0,0,0.3791669011116028
692,50,3,0,0,1,0,0,1,0,0,0.3589622378349304
693,50,41,0,0,1,0,0,1,0,0,0.38862931728363037
694,50,41,0,0,1,0,0,1,0,0,0.36638885736465454
695,50,15,0,0,1,0,0,0,1,0,0.38188332319259644
696,50,45,0,0,1,0,0,1,0,0,0.3763754069805145
697,50,45,0,0,1,0,0,1,0,0,0.3581526577472687
698,50,3,0,0,1,0,0,0,1,0,0.3825344145298004
699,50,3,0,0,1,0,0,0,1,0,0.3810146152973175
700,50,1,0,0,1,0,0,0,1,0,0.38305845856666565
701,50,8,0,0,1,0,0,0,0,1,0.38534924387931824
702,50,20,0,0,1,0,0,0,1,0,0.4117543399333954
703,30,15,0,0,1,0,0,0,1,0,0.37156203389167786
704,30,4,0,0,1,0,0,0,1,0,0.3751121759414673
705,30,4,0,0,1,0,0,0,1,0,0.3733556568622589
706,30,5,0,0,1,0,0,0,1,0,0.38320282101631165
707,30,5,0,0,1,0,0,0,1,0,0.37756606936454773
708,30,3,0,0,1,0,1,0,0,0,0.372978538274765
709,30,2,0,0,1,0,0,0,1,0,0.370888352394104
710,30,40,0,0,1,0,0,0,1,0,0.3730854094028473
711,30,3,0,0,1,0,0,1,0,0,0.3721349239349365
712,30,3,0,0,1,0,0,1,0,0,0.3706357479095459
713,30,41,0,0,1,0,0,1,0,0,0.3853205442428589
714,30,41,0,0,1,0,0,1,0,0,0.38263335824012756
715,30,15,0,0,1,0,0,0,1,0,0.4496442377567291
716,30,45,0,0,1,0,0,1,0,0,0.3710534870624542
717,30,45,0,0,1,0,0,1,0,0,0.3691759705543518
718,30,3,0,0,1,0,0,0,1,0,0.3810076415538788
719,30,3,0,0,1,0,0,0,1,0,0.37337782979011536
720,30,1,0,0,1,0,0,0,1,0,0.37445464730262756
721,30,8,0,0,1,0,0,0,0,1,0.37523674964904785
722,30,20,0,0,1,0,0,0,1,0,0.3934897184371948
723,15,15,0,0,1,0,0,0,1,0,0.41755160689353943
724,15,4,0,0,1,0,0,0,1,0,0.42320573329925537
725,15,4,0,0,1,0,0,0,1,0,0.42050930857658386
726,15,5,0,0,1,0,0,0,1,0,0.4308108687400818
727,15,5,0,0,1,0,0,0,1,0,0.42447611689567566
728,15,3,0,0,1,0,1,0,0,0,0.4211568534374237
729,15,2,0,0,1,0,0,0,1,0,0.41865307092666626
730,15,40,0,0,1,0,0,0,1,0,0.4161936938762665
731,15,3,0,0,1,0,0,1,0,0,0.4213755130767822
732,15,3,0,0,1,0,0,1,0,0,0.4179042875766754
733,15,41,0,0,1,0,0,1,0,0,0.43195468187332153
734,15,41,0,0,1,0,0,1,0,0,0.4276176393032074
735,15,15,0,0,1,0,0,0,1,0,0.5003400444984436
736,15,45,0,0,1,0,0,1,0,0,0.41941115260124207
737,15,45,0,0,1,0,0,1,0,0,0.41564619541168213
738,15,3,0,0,1,0,0,0,1,0,0.42758840322494507
739,15,3,0,0,1,0,0,0,1,0,0.42175936698913574
740,15,1,0,0,1,0,0,0,1,0,0.4171519875526428
741,15,8,0,0,1,0,0,0,0,1,0.4221087396144867
742,15,20,0,0,1,0,0,0,1,0,0.4384070336818695
743,15,6,0,0,1,0,0,0,1,0,0.42548099160194397
744,15,60,0,0,1,0,0,1,0,0,0.43665215373039246
745,15,4,0,0,1,0,0,1,0,0,0.45097634196281433
746,15,3,0,0,1,0,1,0,0,0,0.4439083933830261
747,15,20,0,0,1,0,0,0,1,0,0.5154118537902832
748,15,5,0,0,1,0,0,0,1,0,0.44501063227653503
749,15,5,0,0,1,0,0,0,1,0,0.43707728385925293
750,15,7,0,0,1,0,0,0,1,0,0.44569170475006104
751,15,3,0,0,1,0,0,0,1,0,0.43818333745002747
752,15,8,0,0,1,0,0,0,0,1,0.4451490342617035
753,15,3,0,0,1,0,0,0,1,0,0.4484023153781891
754,15,20,0,0,1,0,0,0,1,0,0.4637809097766876
